Timestamp,california
1,0
2,0
3,0
4,0
5,0
6,0
7,0.28
8,0.49
9,0.63
10,0.73
11,0.77
12,0.75
13,0.67
14,0.52
15,0.34
16,0.12
17,0
18,0
19,0
20,0
21,0
22,0
23,0
24,0
25,0
26,0
27,0
28,0
29,0
30,0
31,0.28
32,0.49
33,0.62
34,0.73
35,0.76
36,0.74
37,0.66
38,0.51
39,0.33
40,0.12
41,0
42,0
43,0
44,0
45,0
46,0
47,0
48,0
49,0
50,0
51,0
52,0
53,0
54,0
55,0.27
56,0.48
57,0.61
58,0.72
59,0.75
60,0.73
61,0.65
62,0.5
63,0.32
64,0.11
65,0
66,0
67,0
68,0
69,0
70,0
71,0
72,0
73,0
74,0
75,0
76,0
77,0
78,0
79,0.21
80,0.39
81,0.52
82,0.65
83,0.69
84,0.68
85,0.6
86,0.46
87,0.25
88,0.09
89,0
90,0
91,0
92,0
93,0
94,0
95,0
96,0
97,0
98,0
99,0
100,0
101,0
102,0
103,0.25
104,0.43
105,0.59
106,0.69
107,0.73
108,0.71
109,0.64
110,0.5
111,0.32
112,0.11
113,0
114,0
115,0
116,0
117,0
118,0
119,0
120,0
121,0
122,0
123,0
124,0
125,0
126,0
127,0.28
128,0.49
129,0.62
130,0.73
131,0.77
132,0.75
133,0.67
134,0.52
135,0.34
136,0.12
137,0
138,0
139,0
140,0
141,0
142,0
143,0
144,0
145,0
146,0
147,0
148,0
149,0
150,0
151,0.25
152,0.4
153,0.58
154,0.69
155,0.72
156,0.69
157,0.6
158,0.45
159,0.28
160,0.09
161,0
162,0
163,0
164,0
165,0
166,0
167,0
168,0
169,0
170,0
171,0
172,0
173,0
174,0
175,0.26
176,0.47
177,0.6
178,0.71
179,0.75
180,0.73
181,0.65
182,0.51
183,0.34
184,0.12
185,0
186,0
187,0
188,0
189,0
190,0
191,0
192,0
193,0
194,0
195,0
196,0
197,0
198,0
199,0.19
200,0.39
201,0.56
202,0.71
203,0.77
204,0.75
205,0.68
206,0.53
207,0.35
208,0.13
209,0
210,0
211,0
212,0
213,0
214,0
215,0
216,0
217,0
218,0
219,0
220,0
221,0
222,0
223,0.27
224,0.49
225,0.62
226,0.73
227,0.76
228,0.75
229,0.67
230,0.52
231,0.33
232,0.12
233,0
234,0
235,0
236,0
237,0
238,0
239,0
240,0
241,0
242,0
243,0
244,0
245,0
246,0
247,0.25
248,0.48
249,0.61
250,0.71
251,0.75
252,0.74
253,0.66
254,0.52
255,0.34
256,0.12
257,0
258,0
259,0
260,0
261,0
262,0
263,0
264,0
265,0
266,0
267,0
268,0
269,0
270,0
271,0.27
272,0.49
273,0.63
274,0.74
275,0.78
276,0.76
277,0.69
278,0.54
279,0.36
280,0.13
281,0
282,0
283,0
284,0
285,0
286,0
287,0
288,0
289,0
290,0
291,0
292,0
293,0
294,0
295,0.3
296,0.51
297,0.64
298,0.75
299,0.79
300,0.77
301,0.69
302,0.55
303,0.36
304,0.13
305,0
306,0
307,0
308,0
309,0
310,0
311,0
312,0
313,0
314,0
315,0
316,0
317,0
318,0
319,0.28
320,0.5
321,0.64
322,0.74
323,0.78
324,0.69
325,0.65
326,0.53
327,0.36
328,0.13
329,0
330,0
331,0
332,0
333,0
334,0
335,0
336,0
337,0
338,0
339,0
340,0
341,0
342,0
343,0.27
344,0.49
345,0.58
346,0.73
347,0.79
348,0.77
349,0.69
350,0.54
351,0.35
352,0.13
353,0
354,0
355,0
356,0
357,0
358,0
359,0
360,0
361,0
362,0
363,0
364,0
365,0
366,0
367,0.23
368,0.48
369,0.63
370,0.72
371,0.67
372,0.39
373,0.24
374,0.23
375,0.34
376,0.13
377,0
378,0
379,0
380,0
381,0
382,0
383,0
384,0
385,0
386,0
387,0
388,0
389,0
390,0
391,0.29
392,0.5
393,0.64
394,0.74
395,0.78
396,0.76
397,0.68
398,0.54
399,0.36
400,0.14
401,0
402,0
403,0
404,0
405,0
406,0
407,0
408,0
409,0
410,0
411,0
412,0
413,0
414,0
415,0.22
416,0.34
417,0.38
418,0.51
419,0.75
420,0.78
421,0.67
422,0.46
423,0.22
424,0.06
425,0
426,0
427,0
428,0
429,0
430,0
431,0
432,0
433,0
434,0
435,0
436,0
437,0
438,0
439,0.3
440,0.51
441,0.65
442,0.75
443,0.79
444,0.77
445,0.66
446,0.47
447,0.31
448,0.09
449,0
450,0
451,0
452,0
453,0
454,0
455,0
456,0
457,0
458,0
459,0
460,0
461,0
462,0
463,0.3
464,0.51
465,0.65
466,0.75
467,0.79
468,0.77
469,0.69
470,0.55
471,0.37
472,0.15
473,0
474,0
475,0
476,0
477,0
478,0
479,0
480,0
481,0
482,0
483,0
484,0
485,0
486,0
487,0.31
488,0.52
489,0.65
490,0.76
491,0.8
492,0.77
493,0.69
494,0.53
495,0.38
496,0.15
497,0
498,0
499,0
500,0
501,0
502,0
503,0
504,0
505,0
506,0
507,0
508,0
509,0
510,0
511,0.33
512,0.54
513,0.67
514,0.77
515,0.82
516,0.8
517,0.72
518,0.57
519,0.39
520,0.14
521,0
522,0
523,0
524,0
525,0
526,0
527,0
528,0
529,0
530,0
531,0
532,0
533,0
534,0
535,0.29
536,0.51
537,0.65
538,0.69
539,0.65
540,0.52
541,0.45
542,0.35
543,0.31
544,0.14
545,0
546,0
547,0
548,0
549,0
550,0
551,0
552,0
553,0
554,0
555,0
556,0
557,0
558,0
559,0.22
560,0.48
561,0.66
562,0.76
563,0.81
564,0.79
565,0.72
566,0.57
567,0.39
568,0.15
569,0
570,0
571,0
572,0
573,0
574,0
575,0
576,0
577,0
578,0
579,0
580,0
581,0
582,0
583,0.27
584,0.52
585,0.66
586,0.76
587,0.81
588,0.73
589,0.67
590,0.57
591,0.39
592,0.16
593,0
594,0
595,0
596,0
597,0
598,0
599,0
600,0
601,0
602,0
603,0
604,0
605,0
606,0
607,0.29
608,0.54
609,0.67
610,0.78
611,0.82
612,0.8
613,0.72
614,0.58
615,0.4
616,0.17
617,0
618,0
619,0
620,0
621,0
622,0
623,0
624,0
625,0
626,0
627,0
628,0
629,0
630,0
631,0.3
632,0.55
633,0.68
634,0.78
635,0.83
636,0.8
637,0.71
638,0.57
639,0.4
640,0.15
641,0
642,0
643,0
644,0
645,0
646,0
647,0
648,0
649,0
650,0
651,0
652,0
653,0
654,0
655,0.19
656,0.44
657,0.66
658,0.78
659,0.83
660,0.81
661,0.72
662,0.58
663,0.41
664,0.17
665,0
666,0
667,0
668,0
669,0
670,0
671,0
672,0
673,0
674,0
675,0
676,0
677,0
678,0.02
679,0.3
680,0.55
681,0.68
682,0.79
683,0.83
684,0.81
685,0.73
686,0.59
687,0.41
688,0.18
689,0
690,0
691,0
692,0
693,0
694,0
695,0
696,0
697,0
698,0
699,0
700,0
701,0
702,0.02
703,0.3
704,0.54
705,0.67
706,0.77
707,0.81
708,0.79
709,0.71
710,0.57
711,0.4
712,0.16
713,0
714,0
715,0
716,0
717,0
718,0
719,0
720,0
721,0
722,0
723,0
724,0
725,0
726,0.02
727,0.31
728,0.54
729,0.68
730,0.77
731,0.8
732,0.8
733,0.71
734,0.56
735,0.37
736,0.15
737,0
738,0
739,0
740,0
741,0
742,0
743,0
744,0
745,0
746,0
747,0
748,0
749,0
750,0.02
751,0.3
752,0.55
753,0.69
754,0.8
755,0.84
756,0.82
757,0.72
758,0.58
759,0.41
760,0.17
761,0
762,0
763,0
764,0
765,0
766,0
767,0
768,0
769,0
770,0
771,0
772,0
773,0
774,0.03
775,0.32
776,0.53
777,0.7
778,0.8
779,0.85
780,0.83
781,0.74
782,0.6
783,0.42
784,0.18
785,0
786,0
787,0
788,0
789,0
790,0
791,0
792,0
793,0
794,0
795,0
796,0
797,0
798,0.03
799,0.31
800,0.52
801,0.69
802,0.8
803,0.84
804,0.83
805,0.74
806,0.6
807,0.42
808,0.19
809,0
810,0
811,0
812,0
813,0
814,0
815,0
816,0
817,0
818,0
819,0
820,0
821,0
822,0.03
823,0.32
824,0.53
825,0.71
826,0.81
827,0.84
828,0.81
829,0.68
830,0.6
831,0.43
832,0.19
833,0
834,0
835,0
836,0
837,0
838,0
839,0
840,0
841,0
842,0
843,0
844,0
845,0
846,0.03
847,0.33
848,0.54
849,0.71
850,0.81
851,0.86
852,0.82
853,0.73
854,0.59
855,0.43
856,0.2
857,0
858,0
859,0
860,0
861,0
862,0
863,0
864,0
865,0
866,0
867,0
868,0
869,0
870,0.03
871,0.33
872,0.54
873,0.71
874,0.8
875,0.83
876,0.7
877,0.61
878,0.52
879,0.36
880,0.12
881,0
882,0
883,0
884,0
885,0
886,0
887,0
888,0
889,0
890,0
891,0
892,0
893,0
894,0.01
895,0.12
896,0.27
897,0.53
898,0.78
899,0.84
900,0.81
901,0.7
902,0.49
903,0.28
904,0.1
905,0
906,0
907,0
908,0
909,0
910,0
911,0
912,0
913,0
914,0
915,0
916,0
917,0
918,0.02
919,0.19
920,0.45
921,0.67
922,0.8
923,0.85
924,0.83
925,0.75
926,0.6
927,0.43
928,0.18
929,0
930,0
931,0
932,0
933,0
934,0
935,0
936,0
937,0
938,0
939,0
940,0
941,0
942,0.04
943,0.32
944,0.52
945,0.69
946,0.8
947,0.84
948,0.82
949,0.74
950,0.61
951,0.44
952,0.21
953,0
954,0
955,0
956,0
957,0
958,0
959,0
960,0
961,0
962,0
963,0
964,0
965,0
966,0.04
967,0.34
968,0.54
969,0.71
970,0.82
971,0.87
972,0.85
973,0.76
974,0.63
975,0.45
976,0.22
977,0
978,0
979,0
980,0
981,0
982,0
983,0
984,0
985,0
986,0
987,0
988,0
989,0
990,0.04
991,0.31
992,0.48
993,0.58
994,0.63
995,0.72
996,0.76
997,0.72
998,0.6
999,0.43
1000,0.2
1001,0
1002,0
1003,0
1004,0
1005,0
1006,0
1007,0
1008,0
1009,0
1010,0
1011,0
1012,0
1013,0
1014,0.03
1015,0.29
1016,0.5
1017,0.65
1018,0.78
1019,0.71
1020,0.57
1021,0.48
1022,0.41
1023,0.34
1024,0.16
1025,0
1026,0
1027,0
1028,0
1029,0
1030,0
1031,0
1032,0
1033,0
1034,0
1035,0
1036,0
1037,0
1038,0.05
1039,0.34
1040,0.54
1041,0.7
1042,0.8
1043,0.83
1044,0.8
1045,0.72
1046,0.61
1047,0.43
1048,0.17
1049,0
1050,0
1051,0
1052,0
1053,0
1054,0
1055,0
1056,0
1057,0
1058,0
1059,0
1060,0
1061,0
1062,0.04
1063,0.32
1064,0.53
1065,0.73
1066,0.83
1067,0.87
1068,0.85
1069,0.77
1070,0.63
1071,0.46
1072,0.22
1073,0
1074,0
1075,0
1076,0
1077,0
1078,0
1079,0
1080,0
1081,0
1082,0
1083,0
1084,0
1085,0
1086,0.05
1087,0.36
1088,0.55
1089,0.72
1090,0.83
1091,0.88
1092,0.86
1093,0.77
1094,0.63
1095,0.46
1096,0.23
1097,0
1098,0
1099,0
1100,0
1101,0
1102,0
1103,0
1104,0
1105,0
1106,0
1107,0
1108,0
1109,0
1110,0.06
1111,0.36
1112,0.56
1113,0.73
1114,0.83
1115,0.87
1116,0.85
1117,0.77
1118,0.64
1119,0.47
1120,0.24
1121,0
1122,0
1123,0
1124,0
1125,0
1126,0
1127,0
1128,0
1129,0
1130,0
1131,0
1132,0
1133,0
1134,0.06
1135,0.36
1136,0.57
1137,0.73
1138,0.83
1139,0.88
1140,0.85
1141,0.77
1142,0.63
1143,0.46
1144,0.21
1145,0
1146,0
1147,0
1148,0
1149,0
1150,0
1151,0
1152,0
1153,0
1154,0
1155,0
1156,0
1157,0
1158,0.06
1159,0.36
1160,0.48
1161,0.63
1162,0.74
1163,0.75
1164,0.64
1165,0.51
1166,0.37
1167,0.25
1168,0.12
1169,0
1170,0
1171,0
1172,0
1173,0
1174,0
1175,0
1176,0
1177,0
1178,0
1179,0
1180,0
1181,0
1182,0.02
1183,0.15
1184,0.36
1185,0.55
1186,0.7
1187,0.67
1188,0.61
1189,0.51
1190,0.4
1191,0.21
1192,0.08
1193,0
1194,0
1195,0
1196,0
1197,0
1198,0
1199,0
1200,0
1201,0
1202,0
1203,0
1204,0
1205,0
1206,0.02
1207,0.13
1208,0.24
1209,0.46
1210,0.63
1211,0.47
1212,0.34
1213,0.35
1214,0.4
1215,0.28
1216,0.1
1217,0
1218,0
1219,0
1220,0
1221,0
1222,0
1223,0
1224,0
1225,0
1226,0
1227,0
1228,0
1229,0
1230,0.07
1231,0.37
1232,0.57
1233,0.74
1234,0.85
1235,0.89
1236,0.88
1237,0.79
1238,0.65
1239,0.45
1240,0.22
1241,0
1242,0
1243,0
1244,0
1245,0
1246,0
1247,0
1248,0
1249,0
1250,0
1251,0
1252,0
1253,0
1254,0.08
1255,0.39
1256,0.59
1257,0.75
1258,0.86
1259,0.91
1260,0.89
1261,0.8
1262,0.66
1263,0.46
1264,0.23
1265,0
1266,0
1267,0
1268,0
1269,0
1270,0
1271,0
1272,0
1273,0
1274,0
1275,0
1276,0
1277,0
1278,0.07
1279,0.36
1280,0.57
1281,0.74
1282,0.85
1283,0.89
1284,0.87
1285,0.78
1286,0.63
1287,0.42
1288,0.19
1289,0
1290,0
1291,0
1292,0
1293,0
1294,0
1295,0
1296,0
1297,0
1298,0
1299,0
1300,0
1301,0
1302,0.05
1303,0.28
1304,0.47
1305,0.64
1306,0.77
1307,0.85
1308,0.84
1309,0.76
1310,0.61
1311,0.41
1312,0.18
1313,0
1314,0
1315,0
1316,0
1317,0
1318,0
1319,0
1320,0
1321,0
1322,0
1323,0
1324,0
1325,0
1326,0.06
1327,0.3
1328,0.51
1329,0.69
1330,0.81
1331,0.87
1332,0.87
1333,0.8
1334,0.67
1335,0.47
1336,0.24
1337,0.06
1338,0
1339,0
1340,0
1341,0
1342,0
1343,0
1344,0
1345,0
1346,0
1347,0
1348,0
1349,0
1350,0.09
1351,0.4
1352,0.6
1353,0.76
1354,0.87
1355,0.91
1356,0.89
1357,0.81
1358,0.67
1359,0.47
1360,0.24
1361,0.05
1362,0
1363,0
1364,0
1365,0
1366,0
1367,0
1368,0
1369,0
1370,0
1371,0
1372,0
1373,0
1374,0.05
1375,0.38
1376,0.6
1377,0.75
1378,0.68
1379,0.59
1380,0.45
1381,0.39
1382,0.56
1383,0.45
1384,0.23
1385,0.04
1386,0
1387,0
1388,0
1389,0
1390,0
1391,0
1392,0
1393,0
1394,0
1395,0
1396,0
1397,0
1398,0.09
1399,0.39
1400,0.59
1401,0.75
1402,0.86
1403,0.92
1404,0.88
1405,0.8
1406,0.67
1407,0.47
1408,0.24
1409,0.04
1410,0
1411,0
1412,0
1413,0
1414,0
1415,0
1416,0
1417,0
1418,0
1419,0
1420,0
1421,0
1422,0.1
1423,0.41
1424,0.61
1425,0.77
1426,0.87
1427,0.93
1428,0.88
1429,0.81
1430,0.67
1431,0.48
1432,0.25
1433,0.05
1434,0
1435,0
1436,0
1437,0
1438,0
1439,0
1440,0
1441,0
1442,0
1443,0
1444,0
1445,0
1446,0.11
1447,0.41
1448,0.61
1449,0.77
1450,0.88
1451,0.94
1452,0.91
1453,0.82
1454,0.68
1455,0.49
1456,0.26
1457,0.05
1458,0
1459,0
1460,0
1461,0
1462,0
1463,0
1464,0
1465,0
1466,0
1467,0
1468,0
1469,0
1470,0.11
1471,0.4
1472,0.6
1473,0.77
1474,0.89
1475,0.94
1476,0.93
1477,0.82
1478,0.68
1479,0.48
1480,0.21
1481,0.03
1482,0
1483,0
1484,0
1485,0
1486,0
1487,0
1488,0
1489,0
1490,0
1491,0
1492,0
1493,0
1494,0.08
1495,0.34
1496,0.57
1497,0.75
1498,0.85
1499,0.89
1500,0.85
1501,0.74
1502,0.6
1503,0.42
1504,0.22
1505,0.04
1506,0
1507,0
1508,0
1509,0
1510,0
1511,0
1512,0
1513,0
1514,0
1515,0
1516,0
1517,0
1518,0.12
1519,0.42
1520,0.62
1521,0.78
1522,0.87
1523,0.94
1524,0.9
1525,0.79
1526,0.66
1527,0.47
1528,0.21
1529,0.03
1530,0
1531,0
1532,0
1533,0
1534,0
1535,0
1536,0
1537,0
1538,0
1539,0
1540,0
1541,0
1542,0.08
1543,0.26
1544,0.4
1545,0.57
1546,0.87
1547,0.91
1548,0.9
1549,0.83
1550,0.68
1551,0.46
1552,0.2
1553,0.03
1554,0
1555,0
1556,0
1557,0
1558,0
1559,0
1560,0
1561,0
1562,0
1563,0
1564,0
1565,0
1566,0.11
1567,0.38
1568,0.58
1569,0.74
1570,0.84
1571,0.93
1572,0.9
1573,0.82
1574,0.68
1575,0.48
1576,0.25
1577,0.03
1578,0
1579,0
1580,0
1581,0
1582,0
1583,0
1584,0
1585,0
1586,0
1587,0
1588,0
1589,0
1590,0.04
1591,0.2
1592,0.41
1593,0.67
1594,0.85
1595,0.93
1596,0.92
1597,0.84
1598,0.69
1599,0.5
1600,0.27
1601,0.05
1602,0
1603,0
1604,0
1605,0
1606,0
1607,0
1608,0
1609,0
1610,0
1611,0
1612,0
1613,0
1614,0.13
1615,0.42
1616,0.62
1617,0.78
1618,0.89
1619,0.94
1620,0.93
1621,0.83
1622,0.69
1623,0.5
1624,0.27
1625,0.06
1626,0
1627,0
1628,0
1629,0
1630,0
1631,0
1632,0
1633,0
1634,0
1635,0
1636,0
1637,0
1638,0.14
1639,0.39
1640,0.54
1641,0.78
1642,0.89
1643,0.94
1644,0.92
1645,0.83
1646,0.66
1647,0.45
1648,0.25
1649,0.06
1650,0
1651,0
1652,0
1653,0
1654,0
1655,0
1656,0
1657,0
1658,0
1659,0
1660,0
1661,0
1662,0.14
1663,0.43
1664,0.59
1665,0.64
1666,0.73
1667,0.85
1668,0.84
1669,0.74
1670,0.65
1671,0.42
1672,0.21
1673,0.04
1674,0
1675,0
1676,0
1677,0
1678,0
1679,0
1680,0
1681,0
1682,0
1683,0
1684,0
1685,0
1686,0.14
1687,0.44
1688,0.64
1689,0.8
1690,0.92
1691,0.96
1692,0.94
1693,0.85
1694,0.7
1695,0.51
1696,0.27
1697,0.05
1698,0
1699,0
1700,0
1701,0
1702,0
1703,0
1704,0
1705,0
1706,0
1707,0
1708,0
1709,0
1710,0.15
1711,0.44
1712,0.63
1713,0.76
1714,0.86
1715,0.89
1716,0.85
1717,0.71
1718,0.56
1719,0.38
1720,0.21
1721,0.04
1722,0
1723,0
1724,0
1725,0
1726,0
1727,0
1728,0
1729,0
1730,0
1731,0
1732,0
1733,0
1734,0.16
1735,0.44
1736,0.64
1737,0.79
1738,0.91
1739,0.95
1740,0.93
1741,0.83
1742,0.69
1743,0.5
1744,0.27
1745,0.06
1746,0
1747,0
1748,0
1749,0
1750,0
1751,0
1752,0
1753,0
1754,0
1755,0
1756,0
1757,0
1758,0.16
1759,0.44
1760,0.63
1761,0.79
1762,0.91
1763,0.95
1764,0.93
1765,0.84
1766,0.69
1767,0.5
1768,0.28
1769,0.06
1770,0
1771,0
1772,0
1773,0
1774,0
1775,0
1776,0
1777,0
1778,0
1779,0
1780,0
1781,0
1782,0.16
1783,0.44
1784,0.63
1785,0.79
1786,0.9
1787,0.94
1788,0.92
1789,0.83
1790,0.69
1791,0.5
1792,0.28
1793,0.06
1794,0
1795,0
1796,0
1797,0
1798,0
1799,0
1800,0
1801,0
1802,0
1803,0
1804,0
1805,0
1806,0.17
1807,0.45
1808,0.64
1809,0.8
1810,0.92
1811,0.96
1812,0.94
1813,0.85
1814,0.71
1815,0.52
1816,0.29
1817,0.07
1818,0
1819,0
1820,0
1821,0
1822,0
1823,0
1824,0
1825,0
1826,0
1827,0
1828,0
1829,0
1830,0.17
1831,0.44
1832,0.64
1833,0.8
1834,0.92
1835,0.96
1836,0.94
1837,0.84
1838,0.7
1839,0.51
1840,0.29
1841,0.07
1842,0
1843,0
1844,0
1845,0
1846,0
1847,0
1848,0
1849,0
1850,0
1851,0
1852,0
1853,0
1854,0.18
1855,0.45
1856,0.64
1857,0.8
1858,0.91
1859,0.95
1860,0.93
1861,0.84
1862,0.7
1863,0.51
1864,0.29
1865,0.07
1866,0
1867,0
1868,0
1869,0
1870,0
1871,0
1872,0
1873,0
1874,0
1875,0
1876,0
1877,0
1878,0.18
1879,0.46
1880,0.65
1881,0.81
1882,0.92
1883,0.97
1884,0.95
1885,0.85
1886,0.71
1887,0.52
1888,0.3
1889,0.08
1890,0
1891,0
1892,0
1893,0
1894,0
1895,0
1896,0
1897,0
1898,0
1899,0
1900,0
1901,0
1902,0.2
1903,0.47
1904,0.66
1905,0.81
1906,0.93
1907,0.97
1908,0.95
1909,0.86
1910,0.72
1911,0.53
1912,0.31
1913,0.08
1914,0
1915,0
1916,0
1917,0
1918,0
1919,0
1920,0
1921,0
1922,0
1923,0
1924,0
1925,0
1926,0.21
1927,0.48
1928,0.67
1929,0.83
1930,0.94
1931,0.98
1932,0.96
1933,0.87
1934,0.73
1935,0.53
1936,0.31
1937,0.08
1938,0
1939,0
1940,0
1941,0
1942,0
1943,0
1944,0
1945,0
1946,0
1947,0
1948,0
1949,0
1950,0.21
1951,0.45
1952,0.66
1953,0.82
1954,0.93
1955,0.97
1956,0.95
1957,0.86
1958,0.72
1959,0.53
1960,0.31
1961,0.08
1962,0
1963,0
1964,0
1965,0
1966,0
1967,0
1968,0
1969,0
1970,0
1971,0
1972,0
1973,0
1974,0.23
1975,0.46
1976,0.67
1977,0.83
1978,0.94
1979,0.98
1980,0.96
1981,0.87
1982,0.73
1983,0.54
1984,0.32
1985,0.09
1986,0
1987,0
1988,0
1989,0
1990,0
1991,0
1992,0
1993,0
1994,0
1995,0
1996,0
1997,0
1998,0.17
1999,0.41
2000,0.62
2001,0.8
2002,0.93
2003,0.97
2004,0.95
2005,0.86
2006,0.71
2007,0.53
2008,0.31
2009,0.08
2010,0
2011,0
2012,0
2013,0
2014,0
2015,0
2016,0
2017,0
2018,0
2019,0
2020,0
2021,0
2022,0.17
2023,0.38
2024,0.58
2025,0.76
2026,0.92
2027,0.95
2028,0.94
2029,0.87
2030,0.71
2031,0.53
2032,0.31
2033,0.08
2034,0
2035,0
2036,0
2037,0
2038,0
2039,0
2040,0
2041,0
2042,0
2043,0
2044,0
2045,0
2046,0.17
2047,0.34
2048,0.56
2049,0.78
2050,0.91
2051,0.95
2052,0.94
2053,0.86
2054,0.72
2055,0.53
2056,0.31
2057,0.09
2058,0
2059,0
2060,0
2061,0
2062,0
2063,0
2064,0
2065,0
2066,0
2067,0
2068,0
2069,0
2070,0.19
2071,0.43
2072,0.64
2073,0.8
2074,0.91
2075,0.96
2076,0.94
2077,0.84
2078,0.66
2079,0.49
2080,0.28
2081,0.07
2082,0
2083,0
2084,0
2085,0
2086,0
2087,0
2088,0
2089,0
2090,0
2091,0
2092,0
2093,0
2094,0.07
2095,0.15
2096,0.23
2097,0.27
2098,0.35
2099,0.4
2100,0.37
2101,0.41
2102,0.44
2103,0.34
2104,0.16
2105,0.04
2106,0
2107,0
2108,0
2109,0
2110,0
2111,0
2112,0
2113,0
2114,0
2115,0
2116,0
2117,0
2118,0.17
2119,0.44
2120,0.64
2121,0.82
2122,0.92
2123,0.96
2124,0.95
2125,0.88
2126,0.73
2127,0.54
2128,0.32
2129,0.09
2130,0
2131,0
2132,0
2133,0
2134,0
2135,0
2136,0
2137,0
2138,0
2139,0
2140,0
2141,0
2142,0.22
2143,0.45
2144,0.66
2145,0.83
2146,0.94
2147,0.98
2148,0.96
2149,0.88
2150,0.73
2151,0.54
2152,0.32
2153,0.09
2154,0
2155,0
2156,0
2157,0
2158,0
2159,0
2160,0
2161,0
2162,0
2163,0
2164,0
2165,0
2166,0.23
2167,0.47
2168,0.67
2169,0.82
2170,0.93
2171,0.97
2172,0.95
2173,0.87
2174,0.73
2175,0.54
2176,0.32
2177,0.09
2178,0
2179,0
2180,0
2181,0
2182,0
2183,0
2184,0
2185,0
2186,0
2187,0
2188,0
2189,0.01
2190,0.24
2191,0.47
2192,0.68
2193,0.83
2194,0.94
2195,0.98
2196,0.96
2197,0.89
2198,0.74
2199,0.55
2200,0.34
2201,0.1
2202,0
2203,0
2204,0
2205,0
2206,0
2207,0
2208,0
2209,0
2210,0
2211,0
2212,0
2213,0.01
2214,0.25
2215,0.48
2216,0.68
2217,0.8
2218,0.89
2219,0.91
2220,0.94
2221,0.88
2222,0.71
2223,0.55
2224,0.33
2225,0.1
2226,0
2227,0
2228,0
2229,0
2230,0
2231,0
2232,0
2233,0
2234,0
2235,0
2236,0
2237,0.02
2238,0.24
2239,0.47
2240,0.68
2241,0.84
2242,0.92
2243,0.96
2244,0.92
2245,0.85
2246,0.72
2247,0.55
2248,0.33
2249,0.1
2250,0
2251,0
2252,0
2253,0
2254,0
2255,0
2256,0
2257,0
2258,0
2259,0
2260,0
2261,0.01
2262,0.09
2263,0.2
2264,0.36
2265,0.42
2266,0.55
2267,0.6
2268,0.58
2269,0.5
2270,0.38
2271,0.19
2272,0.09
2273,0.02
2274,0
2275,0
2276,0
2277,0
2278,0
2279,0
2280,0
2281,0
2282,0
2283,0
2284,0
2285,0
2286,0.06
2287,0.14
2288,0.27
2289,0.47
2290,0.56
2291,0.81
2292,0.82
2293,0.43
2294,0.3
2295,0.26
2296,0.08
2297,0.02
2298,0
2299,0
2300,0
2301,0
2302,0
2303,0
2304,0
2305,0
2306,0
2307,0
2308,0
2309,0.01
2310,0.11
2311,0.22
2312,0.45
2313,0.8
2314,0.92
2315,0.84
2316,0.61
2317,0.55
2318,0.56
2319,0.5
2320,0.33
2321,0.1
2322,0
2323,0
2324,0
2325,0
2326,0
2327,0
2328,0
2329,0
2330,0
2331,0
2332,0
2333,0.02
2334,0.22
2335,0.42
2336,0.64
2337,0.79
2338,0.89
2339,0.94
2340,0.91
2341,0.84
2342,0.71
2343,0.53
2344,0.33
2345,0.11
2346,0
2347,0
2348,0
2349,0
2350,0
2351,0
2352,0
2353,0
2354,0
2355,0
2356,0
2357,0.03
2358,0.21
2359,0.46
2360,0.66
2361,0.79
2362,0.92
2363,0.96
2364,0.94
2365,0.84
2366,0.71
2367,0.54
2368,0.33
2369,0.11
2370,0
2371,0
2372,0
2373,0
2374,0
2375,0
2376,0
2377,0
2378,0
2379,0
2380,0
2381,0.03
2382,0.24
2383,0.46
2384,0.66
2385,0.83
2386,0.93
2387,0.96
2388,0.93
2389,0.85
2390,0.71
2391,0.53
2392,0.32
2393,0.1
2394,0
2395,0
2396,0
2397,0
2398,0
2399,0
2400,0
2401,0
2402,0
2403,0
2404,0
2405,0.02
2406,0.15
2407,0.32
2408,0.52
2409,0.78
2410,0.9
2411,0.93
2412,0.92
2413,0.82
2414,0.71
2415,0.53
2416,0.33
2417,0.11
2418,0
2419,0
2420,0
2421,0
2422,0
2423,0
2424,0
2425,0
2426,0
2427,0
2428,0
2429,0.03
2430,0.23
2431,0.43
2432,0.66
2433,0.83
2434,0.93
2435,0.96
2436,0.95
2437,0.87
2438,0.73
2439,0.55
2440,0.34
2441,0.12
2442,0
2443,0
2444,0
2445,0
2446,0
2447,0
2448,0
2449,0
2450,0
2451,0
2452,0
2453,0.04
2454,0.26
2455,0.49
2456,0.68
2457,0.84
2458,0.93
2459,0.97
2460,0.95
2461,0.87
2462,0.73
2463,0.55
2464,0.34
2465,0.12
2466,0
2467,0
2468,0
2469,0
2470,0
2471,0
2472,0
2473,0
2474,0
2475,0
2476,0
2477,0.04
2478,0.27
2479,0.49
2480,0.68
2481,0.84
2482,0.94
2483,0.97
2484,0.96
2485,0.88
2486,0.74
2487,0.56
2488,0.35
2489,0.12
2490,0
2491,0
2492,0
2493,0
2494,0
2495,0
2496,0
2497,0
2498,0
2499,0
2500,0
2501,0.04
2502,0.27
2503,0.49
2504,0.69
2505,0.84
2506,0.93
2507,0.97
2508,0.95
2509,0.87
2510,0.74
2511,0.56
2512,0.34
2513,0.11
2514,0
2515,0
2516,0
2517,0
2518,0
2519,0
2520,0
2521,0
2522,0
2523,0
2524,0
2525,0.04
2526,0.27
2527,0.5
2528,0.69
2529,0.85
2530,0.94
2531,0.98
2532,0.96
2533,0.89
2534,0.75
2535,0.57
2536,0.36
2537,0.13
2538,0
2539,0
2540,0
2541,0
2542,0
2543,0
2544,0
2545,0
2546,0
2547,0
2548,0
2549,0.05
2550,0.29
2551,0.51
2552,0.71
2553,0.86
2554,0.96
2555,0.99
2556,0.97
2557,0.9
2558,0.76
2559,0.58
2560,0.37
2561,0.13
2562,0
2563,0
2564,0
2565,0
2566,0
2567,0
2568,0
2569,0
2570,0
2571,0
2572,0
2573,0.05
2574,0.29
2575,0.51
2576,0.7
2577,0.86
2578,0.95
2579,0.98
2580,0.96
2581,0.88
2582,0.75
2583,0.57
2584,0.36
2585,0.13
2586,0
2587,0
2588,0
2589,0
2590,0
2591,0
2592,0
2593,0
2594,0
2595,0
2596,0
2597,0.05
2598,0.28
2599,0.5
2600,0.69
2601,0.85
2602,0.94
2603,0.97
2604,0.95
2605,0.88
2606,0.75
2607,0.57
2608,0.37
2609,0.14
2610,0
2611,0
2612,0
2613,0
2614,0
2615,0
2616,0
2617,0
2618,0
2619,0
2620,0
2621,0.06
2622,0.29
2623,0.51
2624,0.7
2625,0.85
2626,0.94
2627,0.97
2628,0.95
2629,0.88
2630,0.74
2631,0.56
2632,0.36
2633,0.13
2634,0
2635,0
2636,0
2637,0
2638,0
2639,0
2640,0
2641,0
2642,0
2643,0
2644,0
2645,0.06
2646,0.29
2647,0.51
2648,0.7
2649,0.85
2650,0.94
2651,0.97
2652,0.95
2653,0.87
2654,0.73
2655,0.54
2656,0.33
2657,0.11
2658,0
2659,0
2660,0
2661,0
2662,0
2663,0
2664,0
2665,0
2666,0
2667,0
2668,0
2669,0.05
2670,0.23
2671,0.4
2672,0.64
2673,0.83
2674,0.93
2675,0.97
2676,0.94
2677,0.86
2678,0.72
2679,0.55
2680,0.35
2681,0.13
2682,0
2683,0
2684,0
2685,0
2686,0
2687,0
2688,0
2689,0
2690,0
2691,0
2692,0
2693,0.06
2694,0.28
2695,0.47
2696,0.63
2697,0.79
2698,0.89
2699,0.94
2700,0.94
2701,0.87
2702,0.74
2703,0.56
2704,0.36
2705,0.13
2706,0
2707,0
2708,0
2709,0
2710,0
2711,0
2712,0
2713,0
2714,0
2715,0
2716,0
2717,0.07
2718,0.3
2719,0.51
2720,0.7
2721,0.85
2722,0.94
2723,0.97
2724,0.94
2725,0.87
2726,0.73
2727,0.55
2728,0.35
2729,0.12
2730,0
2731,0
2732,0
2733,0
2734,0
2735,0
2736,0
2737,0
2738,0
2739,0
2740,0
2741,0.05
2742,0.25
2743,0.51
2744,0.7
2745,0.85
2746,0.95
2747,0.98
2748,0.96
2749,0.87
2750,0.69
2751,0.56
2752,0.36
2753,0.13
2754,0
2755,0
2756,0
2757,0
2758,0
2759,0
2760,0
2761,0
2762,0
2763,0
2764,0
2765,0.07
2766,0.3
2767,0.52
2768,0.71
2769,0.86
2770,0.95
2771,0.98
2772,0.97
2773,0.89
2774,0.75
2775,0.57
2776,0.37
2777,0.14
2778,0
2779,0
2780,0
2781,0
2782,0
2783,0
2784,0
2785,0
2786,0
2787,0
2788,0
2789,0.07
2790,0.3
2791,0.52
2792,0.71
2793,0.86
2794,0.95
2795,0.98
2796,0.96
2797,0.89
2798,0.75
2799,0.57
2800,0.36
2801,0.13
2802,0
2803,0
2804,0
2805,0
2806,0
2807,0
2808,0
2809,0
2810,0
2811,0
2812,0
2813,0.07
2814,0.3
2815,0.52
2816,0.71
2817,0.86
2818,0.95
2819,0.98
2820,0.97
2821,0.88
2822,0.75
2823,0.57
2824,0.36
2825,0.13
2826,0
2827,0
2828,0
2829,0
2830,0
2831,0
2832,0
2833,0
2834,0
2835,0
2836,0
2837,0.07
2838,0.26
2839,0.5
2840,0.7
2841,0.84
2842,0.93
2843,0.98
2844,0.97
2845,0.89
2846,0.76
2847,0.58
2848,0.37
2849,0.14
2850,0
2851,0
2852,0
2853,0
2854,0
2855,0
2856,0
2857,0
2858,0
2859,0
2860,0
2861,0.05
2862,0.26
2863,0.4
2864,0.53
2865,0.74
2866,0.85
2867,0.92
2868,0.92
2869,0.85
2870,0.72
2871,0.54
2872,0.34
2873,0.1
2874,0
2875,0
2876,0
2877,0
2878,0
2879,0
2880,0
2881,0
2882,0
2883,0
2884,0
2885,0.07
2886,0.3
2887,0.51
2888,0.68
2889,0.82
2890,0.89
2891,0.91
2892,0.89
2893,0.82
2894,0.72
2895,0.56
2896,0.36
2897,0.14
2898,0
2899,0
2900,0
2901,0
2902,0
2903,0
2904,0
2905,0
2906,0
2907,0
2908,0
2909,0.07
2910,0.2
2911,0.4
2912,0.66
2913,0.79
2914,0.9
2915,0.96
2916,0.94
2917,0.88
2918,0.75
2919,0.57
2920,0.37
2921,0.15
2922,0
2923,0
2924,0
2925,0
2926,0
2927,0
2928,0
2929,0
2930,0
2931,0
2932,0
2933,0.06
2934,0.19
2935,0.36
2936,0.62
2937,0.78
2938,0.89
2939,0.93
2940,0.92
2941,0.85
2942,0.74
2943,0.57
2944,0.37
2945,0.14
2946,0
2947,0
2948,0
2949,0
2950,0
2951,0
2952,0
2953,0
2954,0
2955,0
2956,0
2957,0.07
2958,0.25
2959,0.45
2960,0.63
2961,0.8
2962,0.92
2963,0.96
2964,0.95
2965,0.87
2966,0.74
2967,0.56
2968,0.36
2969,0.13
2970,0
2971,0
2972,0
2973,0
2974,0
2975,0
2976,0
2977,0
2978,0
2979,0
2980,0
2981,0.08
2982,0.23
2983,0.41
2984,0.67
2985,0.83
2986,0.9
2987,0.95
2988,0.93
2989,0.86
2990,0.72
2991,0.56
2992,0.37
2993,0.15
2994,0
2995,0
2996,0
2997,0
2998,0
2999,0
3000,0
3001,0
3002,0
3003,0
3004,0
3005,0.09
3006,0.29
3007,0.51
3008,0.69
3009,0.83
3010,0.92
3011,0.95
3012,0.93
3013,0.86
3014,0.73
3015,0.57
3016,0.37
3017,0.16
3018,0
3019,0
3020,0
3021,0
3022,0
3023,0
3024,0
3025,0
3026,0
3027,0
3028,0
3029,0.07
3030,0.3
3031,0.5
3032,0.68
3033,0.82
3034,0.9
3035,0.94
3036,0.92
3037,0.85
3038,0.73
3039,0.56
3040,0.37
3041,0.15
3042,0
3043,0
3044,0
3045,0
3046,0
3047,0
3048,0
3049,0
3050,0
3051,0
3052,0
3053,0.08
3054,0.26
3055,0.49
3056,0.69
3057,0.84
3058,0.93
3059,0.97
3060,0.95
3061,0.85
3062,0.74
3063,0.57
3064,0.36
3065,0.15
3066,0
3067,0
3068,0
3069,0
3070,0
3071,0
3072,0
3073,0
3074,0
3075,0
3076,0
3077,0.07
3078,0.21
3079,0.38
3080,0.52
3081,0.68
3082,0.79
3083,0.83
3084,0.82
3085,0.75
3086,0.63
3087,0.48
3088,0.3
3089,0.12
3090,0
3091,0
3092,0
3093,0
3094,0
3095,0
3096,0
3097,0
3098,0
3099,0
3100,0
3101,0.08
3102,0.24
3103,0.41
3104,0.58
3105,0.71
3106,0.79
3107,0.83
3108,0.82
3109,0.75
3110,0.64
3111,0.49
3112,0.31
3113,0.14
3114,0
3115,0
3116,0
3117,0
3118,0
3119,0
3120,0
3121,0
3122,0
3123,0
3124,0
3125,0.08
3126,0.24
3127,0.4
3128,0.57
3129,0.75
3130,0.85
3131,0.9
3132,0.89
3133,0.82
3134,0.65
3135,0.45
3136,0.25
3137,0.09
3138,0
3139,0
3140,0
3141,0
3142,0
3143,0
3144,0
3145,0
3146,0
3147,0
3148,0
3149,0.09
3150,0.31
3151,0.53
3152,0.72
3153,0.86
3154,0.94
3155,0.97
3156,0.95
3157,0.88
3158,0.75
3159,0.58
3160,0.39
3161,0.17
3162,0
3163,0
3164,0
3165,0
3166,0
3167,0
3168,0
3169,0
3170,0
3171,0
3172,0
3173,0.11
3174,0.31
3175,0.51
3176,0.69
3177,0.82
3178,0.91
3179,0.94
3180,0.92
3181,0.85
3182,0.73
3183,0.57
3184,0.37
3185,0.16
3186,0
3187,0
3188,0
3189,0
3190,0
3191,0
3192,0
3193,0
3194,0
3195,0
3196,0
3197,0.08
3198,0.24
3199,0.41
3200,0.59
3201,0.77
3202,0.86
3203,0.9
3204,0.88
3205,0.8
3206,0.68
3207,0.52
3208,0.34
3209,0.13
3210,0
3211,0
3212,0
3213,0
3214,0
3215,0
3216,0
3217,0
3218,0
3219,0
3220,0
3221,0.07
3222,0.22
3223,0.4
3224,0.6
3225,0.81
3226,0.92
3227,0.95
3228,0.94
3229,0.86
3230,0.73
3231,0.56
3232,0.37
3233,0.14
3234,0
3235,0
3236,0
3237,0
3238,0
3239,0
3240,0
3241,0
3242,0
3243,0
3244,0
3245,0.08
3246,0.25
3247,0.5
3248,0.67
3249,0.82
3250,0.9
3251,0.94
3252,0.92
3253,0.84
3254,0.71
3255,0.55
3256,0.36
3257,0.16
3258,0
3259,0
3260,0
3261,0
3262,0
3263,0
3264,0
3265,0
3266,0
3267,0
3268,0
3269,0.06
3270,0.2
3271,0.36
3272,0.52
3273,0.64
3274,0.73
3275,0.78
3276,0.77
3277,0.72
3278,0.6
3279,0.44
3280,0.26
3281,0.1
3282,0
3283,0
3284,0
3285,0
3286,0
3287,0
3288,0
3289,0
3290,0
3291,0
3292,0
3293,0.06
3294,0.22
3295,0.46
3296,0.65
3297,0.8
3298,0.89
3299,0.93
3300,0.91
3301,0.87
3302,0.74
3303,0.57
3304,0.38
3305,0.17
3306,0
3307,0
3308,0
3309,0
3310,0
3311,0
3312,0
3313,0
3314,0
3315,0
3316,0
3317,0.11
3318,0.32
3319,0.52
3320,0.7
3321,0.83
3322,0.91
3323,0.95
3324,0.93
3325,0.86
3326,0.74
3327,0.57
3328,0.38
3329,0.17
3330,0
3331,0
3332,0
3333,0
3334,0
3335,0
3336,0
3337,0
3338,0
3339,0
3340,0
3341,0.11
3342,0.29
3343,0.49
3344,0.67
3345,0.84
3346,0.92
3347,0.95
3348,0.93
3349,0.86
3350,0.73
3351,0.53
3352,0.34
3353,0.16
3354,0
3355,0
3356,0
3357,0
3358,0
3359,0
3360,0
3361,0
3362,0
3363,0
3364,0
3365,0.07
3366,0.24
3367,0.46
3368,0.66
3369,0.74
3370,0.77
3371,0.94
3372,0.93
3373,0.84
3374,0.74
3375,0.57
3376,0.37
3377,0.17
3378,0
3379,0
3380,0
3381,0
3382,0
3383,0
3384,0
3385,0
3386,0
3387,0
3388,0
3389,0.13
3390,0.34
3391,0.54
3392,0.72
3393,0.86
3394,0.94
3395,0.97
3396,0.95
3397,0.88
3398,0.74
3399,0.58
3400,0.4
3401,0.18
3402,0
3403,0
3404,0
3405,0
3406,0
3407,0
3408,0
3409,0
3410,0
3411,0
3412,0
3413,0.13
3414,0.34
3415,0.54
3416,0.72
3417,0.86
3418,0.94
3419,0.97
3420,0.95
3421,0.88
3422,0.75
3423,0.58
3424,0.37
3425,0.15
3426,0
3427,0
3428,0
3429,0
3430,0
3431,0
3432,0
3433,0
3434,0
3435,0
3436,0
3437,0.11
3438,0.3
3439,0.53
3440,0.7
3441,0.85
3442,0.93
3443,0.96
3444,0.95
3445,0.88
3446,0.75
3447,0.59
3448,0.4
3449,0.19
3450,0
3451,0
3452,0
3453,0
3454,0
3455,0
3456,0
3457,0
3458,0
3459,0
3460,0
3461,0.13
3462,0.33
3463,0.53
3464,0.71
3465,0.85
3466,0.93
3467,0.96
3468,0.94
3469,0.87
3470,0.75
3471,0.59
3472,0.4
3473,0.18
3474,0
3475,0
3476,0
3477,0
3478,0
3479,0
3480,0
3481,0
3482,0
3483,0
3484,0
3485,0.13
3486,0.34
3487,0.54
3488,0.71
3489,0.85
3490,0.93
3491,0.96
3492,0.94
3493,0.87
3494,0.75
3495,0.58
3496,0.39
3497,0.18
3498,0
3499,0
3500,0
3501,0
3502,0
3503,0
3504,0
3505,0
3506,0
3507,0
3508,0
3509,0.07
3510,0.2
3511,0.36
3512,0.5
3513,0.65
3514,0.83
3515,0.89
3516,0.87
3517,0.8
3518,0.7
3519,0.5
3520,0.28
3521,0.12
3522,0
3523,0
3524,0
3525,0
3526,0
3527,0
3528,0
3529,0
3530,0
3531,0
3532,0
3533,0.08
3534,0.23
3535,0.4
3536,0.57
3537,0.77
3538,0.9
3539,0.94
3540,0.91
3541,0.85
3542,0.73
3543,0.57
3544,0.38
3545,0.17
3546,0
3547,0
3548,0
3549,0
3550,0
3551,0
3552,0
3553,0
3554,0
3555,0
3556,0
3557,0.09
3558,0.26
3559,0.46
3560,0.68
3561,0.83
3562,0.91
3563,0.94
3564,0.92
3565,0.86
3566,0.74
3567,0.58
3568,0.39
3569,0.19
3570,0
3571,0
3572,0
3573,0
3574,0
3575,0
3576,0
3577,0
3578,0
3579,0
3580,0
3581,0.09
3582,0.26
3583,0.45
3584,0.63
3585,0.82
3586,0.91
3587,0.94
3588,0.93
3589,0.86
3590,0.74
3591,0.58
3592,0.38
3593,0.18
3594,0
3595,0
3596,0
3597,0
3598,0
3599,0
3600,0
3601,0
3602,0
3603,0
3604,0
3605,0.08
3606,0.24
3607,0.41
3608,0.59
3609,0.73
3610,0.88
3611,0.93
3612,0.91
3613,0.84
3614,0.72
3615,0.55
3616,0.35
3617,0.16
3618,0
3619,0
3620,0
3621,0
3622,0
3623,0
3624,0
3625,0
3626,0
3627,0
3628,0
3629,0.1
3630,0.32
3631,0.52
3632,0.7
3633,0.83
3634,0.91
3635,0.94
3636,0.92
3637,0.85
3638,0.73
3639,0.57
3640,0.38
3641,0.18
3642,0
3643,0
3644,0
3645,0
3646,0
3647,0
3648,0
3649,0
3650,0
3651,0
3652,0
3653,0.13
3654,0.34
3655,0.53
3656,0.7
3657,0.83
3658,0.91
3659,0.94
3660,0.92
3661,0.85
3662,0.73
3663,0.57
3664,0.38
3665,0.18
3666,0
3667,0
3668,0
3669,0
3670,0
3671,0
3672,0
3673,0
3674,0
3675,0
3676,0
3677,0.13
3678,0.33
3679,0.52
3680,0.69
3681,0.83
3682,0.89
3683,0.93
3684,0.91
3685,0.85
3686,0.73
3687,0.57
3688,0.38
3689,0.18
3690,0
3691,0
3692,0
3693,0
3694,0
3695,0
3696,0
3697,0
3698,0
3699,0
3700,0
3701,0.13
3702,0.33
3703,0.52
3704,0.69
3705,0.82
3706,0.9
3707,0.93
3708,0.91
3709,0.85
3710,0.73
3711,0.57
3712,0.38
3713,0.18
3714,0
3715,0
3716,0
3717,0
3718,0
3719,0
3720,0
3721,0
3722,0
3723,0
3724,0
3725,0.14
3726,0.34
3727,0.53
3728,0.7
3729,0.83
3730,0.91
3731,0.94
3732,0.92
3733,0.85
3734,0.73
3735,0.57
3736,0.38
3737,0.18
3738,0
3739,0
3740,0
3741,0
3742,0
3743,0
3744,0
3745,0
3746,0
3747,0
3748,0
3749,0.14
3750,0.34
3751,0.54
3752,0.71
3753,0.81
3754,0.8
3755,0.76
3756,0.86
3757,0.85
3758,0.75
3759,0.59
3760,0.4
3761,0.19
3762,0
3763,0
3764,0
3765,0
3766,0
3767,0
3768,0
3769,0
3770,0
3771,0
3772,0
3773,0.14
3774,0.33
3775,0.53
3776,0.7
3777,0.83
3778,0.89
3779,0.91
3780,0.9
3781,0.85
3782,0.74
3783,0.58
3784,0.39
3785,0.18
3786,0
3787,0
3788,0
3789,0
3790,0
3791,0
3792,0
3793,0
3794,0
3795,0
3796,0
3797,0.1
3798,0.27
3799,0.45
3800,0.64
3801,0.76
3802,0.86
3803,0.88
3804,0.89
3805,0.83
3806,0.72
3807,0.56
3808,0.37
3809,0.17
3810,0
3811,0
3812,0
3813,0
3814,0
3815,0
3816,0
3817,0
3818,0
3819,0
3820,0
3821,0.1
3822,0.27
3823,0.44
3824,0.63
3825,0.78
3826,0.9
3827,0.93
3828,0.92
3829,0.85
3830,0.74
3831,0.58
3832,0.39
3833,0.18
3834,0
3835,0
3836,0
3837,0
3838,0
3839,0
3840,0
3841,0
3842,0
3843,0
3844,0
3845,0.13
3846,0.33
3847,0.52
3848,0.69
3849,0.83
3850,0.91
3851,0.93
3852,0.91
3853,0.85
3854,0.74
3855,0.58
3856,0.39
3857,0.18
3858,0
3859,0
3860,0
3861,0
3862,0
3863,0
3864,0
3865,0
3866,0
3867,0
3868,0
3869,0.1
3870,0.26
3871,0.44
3872,0.66
3873,0.81
3874,0.9
3875,0.93
3876,0.91
3877,0.85
3878,0.73
3879,0.57
3880,0.39
3881,0.18
3882,0
3883,0
3884,0
3885,0
3886,0
3887,0
3888,0
3889,0
3890,0
3891,0
3892,0
3893,0.14
3894,0.33
3895,0.52
3896,0.69
3897,0.82
3898,0.9
3899,0.94
3900,0.92
3901,0.85
3902,0.74
3903,0.58
3904,0.39
3905,0.18
3906,0
3907,0
3908,0
3909,0
3910,0
3911,0
3912,0
3913,0
3914,0
3915,0
3916,0
3917,0.14
3918,0.34
3919,0.54
3920,0.71
3921,0.84
3922,0.92
3923,0.96
3924,0.94
3925,0.88
3926,0.76
3927,0.6
3928,0.4
3929,0.19
3930,0
3931,0
3932,0
3933,0
3934,0
3935,0
3936,0
3937,0
3938,0
3939,0
3940,0
3941,0.13
3942,0.28
3943,0.45
3944,0.66
3945,0.81
3946,0.88
3947,0.92
3948,0.92
3949,0.85
3950,0.74
3951,0.58
3952,0.38
3953,0.18
3954,0.03
3955,0
3956,0
3957,0
3958,0
3959,0
3960,0
3961,0
3962,0
3963,0
3964,0
3965,0.13
3966,0.34
3967,0.54
3968,0.71
3969,0.85
3970,0.92
3971,0.96
3972,0.94
3973,0.87
3974,0.75
3975,0.59
3976,0.4
3977,0.19
3978,0.04
3979,0
3980,0
3981,0
3982,0
3983,0
3984,0
3985,0
3986,0
3987,0
3988,0
3989,0.15
3990,0.36
3991,0.55
3992,0.72
3993,0.85
3994,0.94
3995,0.97
3996,0.95
3997,0.88
3998,0.76
3999,0.6
4000,0.41
4001,0.2
4002,0.04
4003,0
4004,0
4005,0
4006,0
4007,0
4008,0
4009,0
4010,0
4011,0
4012,0
4013,0.14
4014,0.34
4015,0.53
4016,0.7
4017,0.84
4018,0.92
4019,0.95
4020,0.93
4021,0.87
4022,0.75
4023,0.58
4024,0.39
4025,0.19
4026,0.04
4027,0
4028,0
4029,0
4030,0
4031,0
4032,0
4033,0
4034,0
4035,0
4036,0
4037,0.12
4038,0.31
4039,0.51
4040,0.69
4041,0.81
4042,0.89
4043,0.91
4044,0.87
4045,0.73
4046,0.53
4047,0.36
4048,0.23
4049,0.1
4050,0.01
4051,0
4052,0
4053,0
4054,0
4055,0
4056,0
4057,0
4058,0
4059,0
4060,0
4061,0.09
4062,0.27
4063,0.48
4064,0.67
4065,0.81
4066,0.9
4067,0.93
4068,0.91
4069,0.84
4070,0.73
4071,0.57
4072,0.38
4073,0.18
4074,0.03
4075,0
4076,0
4077,0
4078,0
4079,0
4080,0
4081,0
4082,0
4083,0
4084,0
4085,0.1
4086,0.26
4087,0.41
4088,0.59
4089,0.79
4090,0.87
4091,0.89
4092,0.81
4093,0.7
4094,0.42
4095,0.25
4096,0.22
4097,0.15
4098,0.03
4099,0
4100,0
4101,0
4102,0
4103,0
4104,0
4105,0
4106,0
4107,0
4108,0
4109,0.11
4110,0.3
4111,0.5
4112,0.67
4113,0.8
4114,0.88
4115,0.91
4116,0.89
4117,0.82
4118,0.71
4119,0.56
4120,0.37
4121,0.18
4122,0.03
4123,0
4124,0
4125,0
4126,0
4127,0
4128,0
4129,0
4130,0
4131,0
4132,0
4133,0.13
4134,0.31
4135,0.49
4136,0.65
4137,0.78
4138,0.84
4139,0.86
4140,0.86
4141,0.82
4142,0.71
4143,0.55
4144,0.37
4145,0.17
4146,0.03
4147,0
4148,0
4149,0
4150,0
4151,0
4152,0
4153,0
4154,0
4155,0
4156,0
4157,0.13
4158,0.32
4159,0.49
4160,0.64
4161,0.74
4162,0.84
4163,0.88
4164,0.86
4165,0.79
4166,0.68
4167,0.5
4168,0.33
4169,0.16
4170,0.03
4171,0
4172,0
4173,0
4174,0
4175,0
4176,0
4177,0
4178,0
4179,0
4180,0
4181,0.13
4182,0.33
4183,0.52
4184,0.68
4185,0.81
4186,0.89
4187,0.93
4188,0.91
4189,0.85
4190,0.74
4191,0.58
4192,0.4
4193,0.19
4194,0.04
4195,0
4196,0
4197,0
4198,0
4199,0
4200,0
4201,0
4202,0
4203,0
4204,0
4205,0.14
4206,0.34
4207,0.53
4208,0.7
4209,0.83
4210,0.91
4211,0.94
4212,0.93
4213,0.86
4214,0.74
4215,0.58
4216,0.39
4217,0.19
4218,0.04
4219,0
4220,0
4221,0
4222,0
4223,0
4224,0
4225,0
4226,0
4227,0
4228,0
4229,0.14
4230,0.34
4231,0.53
4232,0.7
4233,0.84
4234,0.91
4235,0.94
4236,0.92
4237,0.86
4238,0.74
4239,0.58
4240,0.39
4241,0.19
4242,0.04
4243,0
4244,0
4245,0
4246,0
4247,0
4248,0
4249,0
4250,0
4251,0
4252,0
4253,0.14
4254,0.34
4255,0.52
4256,0.68
4257,0.78
4258,0.86
4259,0.92
4260,0.92
4261,0.85
4262,0.71
4263,0.56
4264,0.38
4265,0.19
4266,0.04
4267,0
4268,0
4269,0
4270,0
4271,0
4272,0
4273,0
4274,0
4275,0
4276,0
4277,0.1
4278,0.29
4279,0.48
4280,0.65
4281,0.78
4282,0.84
4283,0.9
4284,0.81
4285,0.68
4286,0.61
4287,0.5
4288,0.33
4289,0.14
4290,0.02
4291,0
4292,0
4293,0
4294,0
4295,0
4296,0
4297,0
4298,0
4299,0
4300,0
4301,0.11
4302,0.29
4303,0.49
4304,0.64
4305,0.78
4306,0.86
4307,0.9
4308,0.88
4309,0.81
4310,0.64
4311,0.49
4312,0.35
4313,0.17
4314,0.03
4315,0
4316,0
4317,0
4318,0
4319,0
4320,0
4321,0
4322,0
4323,0
4324,0
4325,0.12
4326,0.31
4327,0.48
4328,0.66
4329,0.79
4330,0.87
4331,0.9
4332,0.88
4333,0.82
4334,0.71
4335,0.55
4336,0.37
4337,0.18
4338,0.03
4339,0
4340,0
4341,0
4342,0
4343,0
4344,0
4345,0
4346,0
4347,0
4348,0
4349,0.13
4350,0.32
4351,0.51
4352,0.67
4353,0.8
4354,0.88
4355,0.91
4356,0.9
4357,0.83
4358,0.72
4359,0.56
4360,0.38
4361,0.18
4362,0.03
4363,0
4364,0
4365,0
4366,0
4367,0
4368,0
4369,0
4370,0
4371,0
4372,0
4373,0.13
4374,0.32
4375,0.51
4376,0.68
4377,0.81
4378,0.89
4379,0.92
4380,0.9
4381,0.84
4382,0.72
4383,0.57
4384,0.38
4385,0.19
4386,0.04
4387,0
4388,0
4389,0
4390,0
4391,0
4392,0
4393,0
4394,0
4395,0
4396,0
4397,0.14
4398,0.33
4399,0.52
4400,0.68
4401,0.81
4402,0.89
4403,0.92
4404,0.91
4405,0.84
4406,0.73
4407,0.57
4408,0.39
4409,0.19
4410,0.04
4411,0
4412,0
4413,0
4414,0
4415,0
4416,0
4417,0
4418,0
4419,0
4420,0
4421,0.13
4422,0.33
4423,0.52
4424,0.68
4425,0.81
4426,0.89
4427,0.92
4428,0.91
4429,0.84
4430,0.72
4431,0.54
4432,0.37
4433,0.19
4434,0.04
4435,0
4436,0
4437,0
4438,0
4439,0
4440,0
4441,0
4442,0
4443,0
4444,0
4445,0.14
4446,0.33
4447,0.52
4448,0.68
4449,0.82
4450,0.89
4451,0.92
4452,0.9
4453,0.84
4454,0.73
4455,0.57
4456,0.39
4457,0.19
4458,0.04
4459,0
4460,0
4461,0
4462,0
4463,0
4464,0
4465,0
4466,0
4467,0
4468,0
4469,0.13
4470,0.31
4471,0.49
4472,0.67
4473,0.81
4474,0.89
4475,0.93
4476,0.91
4477,0.85
4478,0.73
4479,0.58
4480,0.39
4481,0.19
4482,0.04
4483,0
4484,0
4485,0
4486,0
4487,0
4488,0
4489,0
4490,0
4491,0
4492,0
4493,0.12
4494,0.31
4495,0.51
4496,0.68
4497,0.81
4498,0.89
4499,0.92
4500,0.91
4501,0.84
4502,0.73
4503,0.57
4504,0.38
4505,0.19
4506,0.04
4507,0
4508,0
4509,0
4510,0
4511,0
4512,0
4513,0
4514,0
4515,0
4516,0
4517,0.12
4518,0.32
4519,0.5
4520,0.67
4521,0.8
4522,0.88
4523,0.91
4524,0.9
4525,0.83
4526,0.72
4527,0.56
4528,0.38
4529,0.18
4530,0.03
4531,0
4532,0
4533,0
4534,0
4535,0
4536,0
4537,0
4538,0
4539,0
4540,0
4541,0.13
4542,0.32
4543,0.51
4544,0.67
4545,0.8
4546,0.88
4547,0.91
4548,0.9
4549,0.83
4550,0.72
4551,0.56
4552,0.38
4553,0.18
4554,0.03
4555,0
4556,0
4557,0
4558,0
4559,0
4560,0
4561,0
4562,0
4563,0
4564,0
4565,0.13
4566,0.32
4567,0.51
4568,0.68
4569,0.81
4570,0.89
4571,0.92
4572,0.9
4573,0.84
4574,0.73
4575,0.57
4576,0.38
4577,0.18
4578,0.03
4579,0
4580,0
4581,0
4582,0
4583,0
4584,0
4585,0
4586,0
4587,0
4588,0
4589,0.13
4590,0.32
4591,0.51
4592,0.68
4593,0.82
4594,0.9
4595,0.93
4596,0.91
4597,0.85
4598,0.73
4599,0.57
4600,0.39
4601,0.18
4602,0.03
4603,0
4604,0
4605,0
4606,0
4607,0
4608,0
4609,0
4610,0
4611,0
4612,0
4613,0.12
4614,0.32
4615,0.51
4616,0.68
4617,0.81
4618,0.89
4619,0.93
4620,0.91
4621,0.85
4622,0.73
4623,0.57
4624,0.39
4625,0.18
4626,0.03
4627,0
4628,0
4629,0
4630,0
4631,0
4632,0
4633,0
4634,0
4635,0
4636,0
4637,0.12
4638,0.32
4639,0.51
4640,0.68
4641,0.81
4642,0.86
4643,0.86
4644,0.83
4645,0.66
4646,0.51
4647,0.37
4648,0.23
4649,0.1
4650,0.01
4651,0
4652,0
4653,0
4654,0
4655,0
4656,0
4657,0
4658,0
4659,0
4660,0
4661,0.11
4662,0.3
4663,0.49
4664,0.65
4665,0.73
4666,0.74
4667,0.72
4668,0.59
4669,0.49
4670,0.36
4671,0.23
4672,0.14
4673,0.06
4674,0.01
4675,0
4676,0
4677,0
4678,0
4679,0
4680,0
4681,0
4682,0
4683,0
4684,0
4685,0.06
4686,0.19
4687,0.34
4688,0.33
4689,0.33
4690,0.37
4691,0.49
4692,0.65
4693,0.79
4694,0.6
4695,0.36
4696,0.25
4697,0.14
4698,0.02
4699,0
4700,0
4701,0
4702,0
4703,0
4704,0
4705,0
4706,0
4707,0
4708,0
4709,0.11
4710,0.3
4711,0.49
4712,0.66
4713,0.8
4714,0.88
4715,0.91
4716,0.88
4717,0.81
4718,0.69
4719,0.54
4720,0.32
4721,0.13
4722,0.01
4723,0
4724,0
4725,0
4726,0
4727,0
4728,0
4729,0
4730,0
4731,0
4732,0
4733,0.09
4734,0.29
4735,0.49
4736,0.66
4737,0.8
4738,0.88
4739,0.91
4740,0.9
4741,0.83
4742,0.72
4743,0.56
4744,0.37
4745,0.17
4746,0.03
4747,0
4748,0
4749,0
4750,0
4751,0
4752,0
4753,0
4754,0
4755,0
4756,0
4757,0.11
4758,0.3
4759,0.49
4760,0.66
4761,0.79
4762,0.88
4763,0.91
4764,0.89
4765,0.83
4766,0.71
4767,0.56
4768,0.37
4769,0.17
4770,0.03
4771,0
4772,0
4773,0
4774,0
4775,0
4776,0
4777,0
4778,0
4779,0
4780,0
4781,0.08
4782,0.19
4783,0.33
4784,0.46
4785,0.57
4786,0.66
4787,0.77
4788,0.87
4789,0.82
4790,0.71
4791,0.55
4792,0.37
4793,0.17
4794,0
4795,0
4796,0
4797,0
4798,0
4799,0
4800,0
4801,0
4802,0
4803,0
4804,0
4805,0.04
4806,0.15
4807,0.31
4808,0.47
4809,0.6
4810,0.7
4811,0.73
4812,0.71
4813,0.64
4814,0.56
4815,0.44
4816,0.29
4817,0.13
4818,0
4819,0
4820,0
4821,0
4822,0
4823,0
4824,0
4825,0
4826,0
4827,0
4828,0
4829,0.1
4830,0.3
4831,0.5
4832,0.67
4833,0.8
4834,0.88
4835,0.91
4836,0.89
4837,0.8
4838,0.64
4839,0.43
4840,0.23
4841,0.09
4842,0
4843,0
4844,0
4845,0
4846,0
4847,0
4848,0
4849,0
4850,0
4851,0
4852,0
4853,0.11
4854,0.3
4855,0.49
4856,0.66
4857,0.79
4858,0.83
4859,0.83
4860,0.75
4861,0.64
4862,0.49
4863,0.33
4864,0.2
4865,0.09
4866,0
4867,0
4868,0
4869,0
4870,0
4871,0
4872,0
4873,0
4874,0
4875,0
4876,0
4877,0.11
4878,0.31
4879,0.5
4880,0.66
4881,0.79
4882,0.87
4883,0.9
4884,0.86
4885,0.74
4886,0.66
4887,0.54
4888,0.36
4889,0.16
4890,0
4891,0
4892,0
4893,0
4894,0
4895,0
4896,0
4897,0
4898,0
4899,0
4900,0
4901,0.1
4902,0.3
4903,0.48
4904,0.65
4905,0.78
4906,0.86
4907,0.88
4908,0.85
4909,0.7
4910,0.57
4911,0.41
4912,0.25
4913,0.11
4914,0
4915,0
4916,0
4917,0
4918,0
4919,0
4920,0
4921,0
4922,0
4923,0
4924,0
4925,0.08
4926,0.26
4927,0.47
4928,0.64
4929,0.77
4930,0.83
4931,0.76
4932,0.6
4933,0.48
4934,0.37
4935,0.29
4936,0.17
4937,0.07
4938,0
4939,0
4940,0
4941,0
4942,0
4943,0
4944,0
4945,0
4946,0
4947,0
4948,0
4949,0.09
4950,0.28
4951,0.47
4952,0.62
4953,0.75
4954,0.83
4955,0.86
4956,0.8
4957,0.72
4958,0.67
4959,0.54
4960,0.35
4961,0.16
4962,0
4963,0
4964,0
4965,0
4966,0
4967,0
4968,0
4969,0
4970,0
4971,0
4972,0
4973,0.1
4974,0.29
4975,0.48
4976,0.65
4977,0.78
4978,0.86
4979,0.89
4980,0.88
4981,0.81
4982,0.7
4983,0.54
4984,0.36
4985,0.16
4986,0
4987,0
4988,0
4989,0
4990,0
4991,0
4992,0
4993,0
4994,0
4995,0
4996,0
4997,0.09
4998,0.29
4999,0.47
5000,0.62
5001,0.7
5002,0.73
5003,0.69
5004,0.63
5005,0.54
5006,0.47
5007,0.37
5008,0.24
5009,0.12
5010,0
5011,0
5012,0
5013,0
5014,0
5015,0
5016,0
5017,0
5018,0
5019,0
5020,0
5021,0.06
5022,0.14
5023,0.28
5024,0.53
5025,0.78
5026,0.86
5027,0.89
5028,0.88
5029,0.81
5030,0.69
5031,0.54
5032,0.35
5033,0.16
5034,0
5035,0
5036,0
5037,0
5038,0
5039,0
5040,0
5041,0
5042,0
5043,0
5044,0
5045,0.04
5046,0.12
5047,0.19
5048,0.3
5049,0.39
5050,0.51
5051,0.59
5052,0.7
5053,0.74
5054,0.64
5055,0.47
5056,0.28
5057,0.11
5058,0
5059,0
5060,0
5061,0
5062,0
5063,0
5064,0
5065,0
5066,0
5067,0
5068,0
5069,0.08
5070,0.28
5071,0.47
5072,0.64
5073,0.78
5074,0.86
5075,0.89
5076,0.87
5077,0.81
5078,0.69
5079,0.53
5080,0.34
5081,0.15
5082,0
5083,0
5084,0
5085,0
5086,0
5087,0
5088,0
5089,0
5090,0
5091,0
5092,0
5093,0.09
5094,0.29
5095,0.48
5096,0.66
5097,0.79
5098,0.87
5099,0.91
5100,0.89
5101,0.82
5102,0.71
5103,0.55
5104,0.36
5105,0.17
5106,0
5107,0
5108,0
5109,0
5110,0
5111,0
5112,0
5113,0
5114,0
5115,0
5116,0
5117,0.08
5118,0.28
5119,0.47
5120,0.65
5121,0.79
5122,0.87
5123,0.91
5124,0.89
5125,0.83
5126,0.71
5127,0.55
5128,0.36
5129,0.17
5130,0
5131,0
5132,0
5133,0
5134,0
5135,0
5136,0
5137,0
5138,0
5139,0
5140,0
5141,0.09
5142,0.29
5143,0.49
5144,0.66
5145,0.8
5146,0.88
5147,0.91
5148,0.9
5149,0.83
5150,0.71
5151,0.55
5152,0.36
5153,0.17
5154,0
5155,0
5156,0
5157,0
5158,0
5159,0
5160,0
5161,0
5162,0
5163,0
5164,0
5165,0.08
5166,0.29
5167,0.48
5168,0.65
5169,0.77
5170,0.84
5171,0.87
5172,0.86
5173,0.8
5174,0.69
5175,0.53
5176,0.33
5177,0.14
5178,0
5179,0
5180,0
5181,0
5182,0
5183,0
5184,0
5185,0
5186,0
5187,0
5188,0
5189,0.08
5190,0.29
5191,0.48
5192,0.66
5193,0.79
5194,0.85
5195,0.86
5196,0.83
5197,0.75
5198,0.62
5199,0.46
5200,0.3
5201,0.13
5202,0
5203,0
5204,0
5205,0
5206,0
5207,0
5208,0
5209,0
5210,0
5211,0
5212,0
5213,0.08
5214,0.29
5215,0.49
5216,0.67
5217,0.81
5218,0.9
5219,0.93
5220,0.91
5221,0.84
5222,0.72
5223,0.56
5224,0.37
5225,0.15
5226,0
5227,0
5228,0
5229,0
5230,0
5231,0
5232,0
5233,0
5234,0
5235,0
5236,0
5237,0.09
5238,0.3
5239,0.5
5240,0.68
5241,0.82
5242,0.91
5243,0.94
5244,0.93
5245,0.86
5246,0.73
5247,0.57
5248,0.38
5249,0.17
5250,0
5251,0
5252,0
5253,0
5254,0
5255,0
5256,0
5257,0
5258,0
5259,0
5260,0
5261,0.08
5262,0.29
5263,0.49
5264,0.67
5265,0.81
5266,0.9
5267,0.93
5268,0.91
5269,0.85
5270,0.72
5271,0.56
5272,0.37
5273,0.16
5274,0
5275,0
5276,0
5277,0
5278,0
5279,0
5280,0
5281,0
5282,0
5283,0
5284,0
5285,0.07
5286,0.28
5287,0.48
5288,0.66
5289,0.8
5290,0.88
5291,0.92
5292,0.9
5293,0.83
5294,0.71
5295,0.55
5296,0.36
5297,0.15
5298,0
5299,0
5300,0
5301,0
5302,0
5303,0
5304,0
5305,0
5306,0
5307,0
5308,0
5309,0.07
5310,0.28
5311,0.47
5312,0.65
5313,0.79
5314,0.88
5315,0.92
5316,0.9
5317,0.83
5318,0.71
5319,0.55
5320,0.36
5321,0.15
5322,0
5323,0
5324,0
5325,0
5326,0
5327,0
5328,0
5329,0
5330,0
5331,0
5332,0
5333,0.07
5334,0.28
5335,0.47
5336,0.64
5337,0.79
5338,0.87
5339,0.91
5340,0.89
5341,0.83
5342,0.7
5343,0.54
5344,0.36
5345,0.15
5346,0
5347,0
5348,0
5349,0
5350,0
5351,0
5352,0
5353,0
5354,0
5355,0
5356,0
5357,0.07
5358,0.28
5359,0.47
5360,0.65
5361,0.79
5362,0.87
5363,0.91
5364,0.89
5365,0.82
5366,0.7
5367,0.54
5368,0.35
5369,0.15
5370,0
5371,0
5372,0
5373,0
5374,0
5375,0
5376,0
5377,0
5378,0
5379,0
5380,0
5381,0.06
5382,0.26
5383,0.36
5384,0.51
5385,0.69
5386,0.85
5387,0.9
5388,0.88
5389,0.82
5390,0.69
5391,0.53
5392,0.34
5393,0.14
5394,0
5395,0
5396,0
5397,0
5398,0
5399,0
5400,0
5401,0
5402,0
5403,0
5404,0
5405,0.06
5406,0.25
5407,0.45
5408,0.64
5409,0.78
5410,0.87
5411,0.9
5412,0.89
5413,0.82
5414,0.7
5415,0.53
5416,0.35
5417,0.14
5418,0
5419,0
5420,0
5421,0
5422,0
5423,0
5424,0
5425,0
5426,0
5427,0
5428,0
5429,0.06
5430,0.27
5431,0.47
5432,0.65
5433,0.79
5434,0.88
5435,0.91
5436,0.89
5437,0.82
5438,0.7
5439,0.54
5440,0.35
5441,0.14
5442,0
5443,0
5444,0
5445,0
5446,0
5447,0
5448,0
5449,0
5450,0
5451,0
5452,0
5453,0.06
5454,0.27
5455,0.47
5456,0.65
5457,0.79
5458,0.86
5459,0.9
5460,0.88
5461,0.82
5462,0.7
5463,0.53
5464,0.35
5465,0.14
5466,0
5467,0
5468,0
5469,0
5470,0
5471,0
5472,0
5473,0
5474,0
5475,0
5476,0
5477,0.06
5478,0.27
5479,0.47
5480,0.64
5481,0.78
5482,0.86
5483,0.9
5484,0.88
5485,0.81
5486,0.69
5487,0.53
5488,0.34
5489,0.13
5490,0
5491,0
5492,0
5493,0
5494,0
5495,0
5496,0
5497,0
5498,0
5499,0
5500,0
5501,0.05
5502,0.26
5503,0.46
5504,0.64
5505,0.78
5506,0.87
5507,0.91
5508,0.89
5509,0.82
5510,0.69
5511,0.53
5512,0.34
5513,0.13
5514,0
5515,0
5516,0
5517,0
5518,0
5519,0
5520,0
5521,0
5522,0
5523,0
5524,0
5525,0.05
5526,0.27
5527,0.47
5528,0.66
5529,0.8
5530,0.89
5531,0.92
5532,0.9
5533,0.83
5534,0.7
5535,0.54
5536,0.35
5537,0.14
5538,0
5539,0
5540,0
5541,0
5542,0
5543,0
5544,0
5545,0
5546,0
5547,0
5548,0
5549,0.06
5550,0.28
5551,0.48
5552,0.66
5553,0.81
5554,0.89
5555,0.93
5556,0.91
5557,0.84
5558,0.71
5559,0.55
5560,0.35
5561,0.14
5562,0
5563,0
5564,0
5565,0
5566,0
5567,0
5568,0
5569,0
5570,0
5571,0
5572,0
5573,0.05
5574,0.28
5575,0.48
5576,0.66
5577,0.81
5578,0.89
5579,0.93
5580,0.91
5581,0.84
5582,0.71
5583,0.54
5584,0.35
5585,0.13
5586,0
5587,0
5588,0
5589,0
5590,0
5591,0
5592,0
5593,0
5594,0
5595,0
5596,0
5597,0.05
5598,0.27
5599,0.47
5600,0.66
5601,0.8
5602,0.89
5603,0.92
5604,0.9
5605,0.83
5606,0.7
5607,0.53
5608,0.34
5609,0.13
5610,0
5611,0
5612,0
5613,0
5614,0
5615,0
5616,0
5617,0
5618,0
5619,0
5620,0
5621,0.05
5622,0.27
5623,0.47
5624,0.65
5625,0.8
5626,0.89
5627,0.92
5628,0.9
5629,0.83
5630,0.71
5631,0.54
5632,0.35
5633,0.13
5634,0
5635,0
5636,0
5637,0
5638,0
5639,0
5640,0
5641,0
5642,0
5643,0
5644,0
5645,0.05
5646,0.27
5647,0.48
5648,0.67
5649,0.81
5650,0.9
5651,0.94
5652,0.93
5653,0.85
5654,0.72
5655,0.55
5656,0.35
5657,0.13
5658,0
5659,0
5660,0
5661,0
5662,0
5663,0
5664,0
5665,0
5666,0
5667,0
5668,0
5669,0.05
5670,0.27
5671,0.48
5672,0.66
5673,0.81
5674,0.88
5675,0.92
5676,0.9
5677,0.83
5678,0.7
5679,0.52
5680,0.33
5681,0.11
5682,0
5683,0
5684,0
5685,0
5686,0
5687,0
5688,0
5689,0
5690,0
5691,0
5692,0
5693,0.04
5694,0.26
5695,0.48
5696,0.66
5697,0.82
5698,0.91
5699,0.95
5700,0.93
5701,0.85
5702,0.72
5703,0.55
5704,0.35
5705,0.13
5706,0
5707,0
5708,0
5709,0
5710,0
5711,0
5712,0
5713,0
5714,0
5715,0
5716,0
5717,0.04
5718,0.27
5719,0.49
5720,0.67
5721,0.82
5722,0.91
5723,0.95
5724,0.93
5725,0.85
5726,0.72
5727,0.54
5728,0.34
5729,0.12
5730,0
5731,0
5732,0
5733,0
5734,0
5735,0
5736,0
5737,0
5738,0
5739,0
5740,0
5741,0.04
5742,0.28
5743,0.49
5744,0.68
5745,0.83
5746,0.92
5747,0.96
5748,0.94
5749,0.86
5750,0.73
5751,0.55
5752,0.35
5753,0.12
5754,0
5755,0
5756,0
5757,0
5758,0
5759,0
5760,0
5761,0
5762,0
5763,0
5764,0
5765,0.04
5766,0.26
5767,0.48
5768,0.67
5769,0.82
5770,0.91
5771,0.94
5772,0.92
5773,0.85
5774,0.71
5775,0.54
5776,0.33
5777,0.11
5778,0
5779,0
5780,0
5781,0
5782,0
5783,0
5784,0
5785,0
5786,0
5787,0
5788,0
5789,0.04
5790,0.26
5791,0.47
5792,0.66
5793,0.81
5794,0.89
5795,0.93
5796,0.9
5797,0.83
5798,0.69
5799,0.52
5800,0.32
5801,0.1
5802,0
5803,0
5804,0
5805,0
5806,0
5807,0
5808,0
5809,0
5810,0
5811,0
5812,0
5813,0.03
5814,0.24
5815,0.45
5816,0.64
5817,0.79
5818,0.87
5819,0.91
5820,0.89
5821,0.82
5822,0.69
5823,0.51
5824,0.32
5825,0.1
5826,0
5827,0
5828,0
5829,0
5830,0
5831,0
5832,0
5833,0
5834,0
5835,0
5836,0
5837,0.03
5838,0.24
5839,0.45
5840,0.64
5841,0.79
5842,0.87
5843,0.91
5844,0.89
5845,0.82
5846,0.68
5847,0.51
5848,0.31
5849,0.1
5850,0
5851,0
5852,0
5853,0
5854,0
5855,0
5856,0
5857,0
5858,0
5859,0
5860,0
5861,0.03
5862,0.25
5863,0.46
5864,0.65
5865,0.81
5866,0.9
5867,0.94
5868,0.92
5869,0.84
5870,0.7
5871,0.53
5872,0.33
5873,0.1
5874,0
5875,0
5876,0
5877,0
5878,0
5879,0
5880,0
5881,0
5882,0
5883,0
5884,0
5885,0.03
5886,0.26
5887,0.47
5888,0.66
5889,0.81
5890,0.9
5891,0.94
5892,0.92
5893,0.84
5894,0.7
5895,0.53
5896,0.33
5897,0.1
5898,0
5899,0
5900,0
5901,0
5902,0
5903,0
5904,0
5905,0
5906,0
5907,0
5908,0
5909,0.03
5910,0.24
5911,0.45
5912,0.63
5913,0.77
5914,0.87
5915,0.92
5916,0.91
5917,0.83
5918,0.69
5919,0.52
5920,0.32
5921,0.1
5922,0
5923,0
5924,0
5925,0
5926,0
5927,0
5928,0
5929,0
5930,0
5931,0
5932,0
5933,0.03
5934,0.25
5935,0.46
5936,0.65
5937,0.81
5938,0.9
5939,0.94
5940,0.92
5941,0.84
5942,0.7
5943,0.52
5944,0.32
5945,0.1
5946,0
5947,0
5948,0
5949,0
5950,0
5951,0
5952,0
5953,0
5954,0
5955,0
5956,0
5957,0.03
5958,0.25
5959,0.46
5960,0.65
5961,0.81
5962,0.9
5963,0.93
5964,0.9
5965,0.8
5966,0.64
5967,0.46
5968,0.26
5969,0.07
5970,0
5971,0
5972,0
5973,0
5974,0
5975,0
5976,0
5977,0
5978,0
5979,0
5980,0
5981,0.02
5982,0.24
5983,0.46
5984,0.65
5985,0.8
5986,0.9
5987,0.94
5988,0.92
5989,0.84
5990,0.7
5991,0.52
5992,0.31
5993,0.09
5994,0
5995,0
5996,0
5997,0
5998,0
5999,0
6000,0
6001,0
6002,0
6003,0
6004,0
6005,0.02
6006,0.23
6007,0.44
6008,0.64
6009,0.81
6010,0.89
6011,0.93
6012,0.91
6013,0.83
6014,0.69
6015,0.51
6016,0.3
6017,0.09
6018,0
6019,0
6020,0
6021,0
6022,0
6023,0
6024,0
6025,0
6026,0
6027,0
6028,0
6029,0.02
6030,0.19
6031,0.38
6032,0.57
6033,0.73
6034,0.86
6035,0.92
6036,0.9
6037,0.81
6038,0.65
6039,0.46
6040,0.25
6041,0.06
6042,0
6043,0
6044,0
6045,0
6046,0
6047,0
6048,0
6049,0
6050,0
6051,0
6052,0
6053,0.02
6054,0.23
6055,0.45
6056,0.64
6057,0.79
6058,0.89
6059,0.92
6060,0.9
6061,0.83
6062,0.68
6063,0.5
6064,0.3
6065,0.08
6066,0
6067,0
6068,0
6069,0
6070,0
6071,0
6072,0
6073,0
6074,0
6075,0
6076,0
6077,0.02
6078,0.22
6079,0.44
6080,0.63
6081,0.77
6082,0.87
6083,0.91
6084,0.89
6085,0.81
6086,0.67
6087,0.49
6088,0.29
6089,0.07
6090,0
6091,0
6092,0
6093,0
6094,0
6095,0
6096,0
6097,0
6098,0
6099,0
6100,0
6101,0.01
6102,0.22
6103,0.44
6104,0.62
6105,0.77
6106,0.88
6107,0.91
6108,0.89
6109,0.81
6110,0.67
6111,0.49
6112,0.28
6113,0.07
6114,0
6115,0
6116,0
6117,0
6118,0
6119,0
6120,0
6121,0
6122,0
6123,0
6124,0
6125,0.01
6126,0.22
6127,0.44
6128,0.62
6129,0.77
6130,0.88
6131,0.91
6132,0.89
6133,0.8
6134,0.68
6135,0.5
6136,0.29
6137,0.07
6138,0
6139,0
6140,0
6141,0
6142,0
6143,0
6144,0
6145,0
6146,0
6147,0
6148,0
6149,0.01
6150,0.23
6151,0.44
6152,0.64
6153,0.78
6154,0.89
6155,0.92
6156,0.89
6157,0.81
6158,0.68
6159,0.5
6160,0.29
6161,0.07
6162,0
6163,0
6164,0
6165,0
6166,0
6167,0
6168,0
6169,0
6170,0
6171,0
6172,0
6173,0.01
6174,0.23
6175,0.45
6176,0.64
6177,0.79
6178,0.89
6179,0.92
6180,0.9
6181,0.82
6182,0.68
6183,0.5
6184,0.29
6185,0.07
6186,0
6187,0
6188,0
6189,0
6190,0
6191,0
6192,0
6193,0
6194,0
6195,0
6196,0
6197,0.01
6198,0.23
6199,0.45
6200,0.64
6201,0.79
6202,0.89
6203,0.92
6204,0.9
6205,0.81
6206,0.68
6207,0.49
6208,0.28
6209,0.07
6210,0
6211,0
6212,0
6213,0
6214,0
6215,0
6216,0
6217,0
6218,0
6219,0
6220,0
6221,0.01
6222,0.22
6223,0.44
6224,0.64
6225,0.79
6226,0.89
6227,0.93
6228,0.91
6229,0.82
6230,0.68
6231,0.5
6232,0.28
6233,0.06
6234,0
6235,0
6236,0
6237,0
6238,0
6239,0
6240,0
6241,0
6242,0
6243,0
6244,0
6245,0.01
6246,0.22
6247,0.43
6248,0.63
6249,0.77
6250,0.87
6251,0.9
6252,0.88
6253,0.78
6254,0.63
6255,0.45
6256,0.26
6257,0.06
6258,0
6259,0
6260,0
6261,0
6262,0
6263,0
6264,0
6265,0
6266,0
6267,0
6268,0
6269,0
6270,0.08
6271,0.16
6272,0.25
6273,0.33
6274,0.37
6275,0.39
6276,0.41
6277,0.37
6278,0.27
6279,0.17
6280,0.08
6281,0.01
6282,0
6283,0
6284,0
6285,0
6286,0
6287,0
6288,0
6289,0
6290,0
6291,0
6292,0
6293,0
6294,0.14
6295,0.37
6296,0.58
6297,0.74
6298,0.84
6299,0.85
6300,0.82
6301,0.76
6302,0.63
6303,0.45
6304,0.25
6305,0.05
6306,0
6307,0
6308,0
6309,0
6310,0
6311,0
6312,0
6313,0
6314,0
6315,0
6316,0
6317,0.01
6318,0.18
6319,0.39
6320,0.59
6321,0.77
6322,0.88
6323,0.92
6324,0.89
6325,0.8
6326,0.67
6327,0.48
6328,0.25
6329,0
6330,0
6331,0
6332,0
6333,0
6334,0
6335,0
6336,0
6337,0
6338,0
6339,0
6340,0
6341,0
6342,0.17
6343,0.37
6344,0.53
6345,0.66
6346,0.76
6347,0.82
6348,0.84
6349,0.79
6350,0.66
6351,0.48
6352,0.27
6353,0
6354,0
6355,0
6356,0
6357,0
6358,0
6359,0
6360,0
6361,0
6362,0
6363,0
6364,0
6365,0
6366,0.22
6367,0.45
6368,0.65
6369,0.81
6370,0.92
6371,0.96
6372,0.93
6373,0.84
6374,0.69
6375,0.5
6376,0.28
6377,0
6378,0
6379,0
6380,0
6381,0
6382,0
6383,0
6384,0
6385,0
6386,0
6387,0
6388,0
6389,0
6390,0.21
6391,0.43
6392,0.63
6393,0.79
6394,0.89
6395,0.92
6396,0.9
6397,0.81
6398,0.67
6399,0.49
6400,0.27
6401,0
6402,0
6403,0
6404,0
6405,0
6406,0
6407,0
6408,0
6409,0
6410,0
6411,0
6412,0
6413,0
6414,0.2
6415,0.43
6416,0.63
6417,0.78
6418,0.88
6419,0.92
6420,0.89
6421,0.8
6422,0.66
6423,0.47
6424,0.26
6425,0
6426,0
6427,0
6428,0
6429,0
6430,0
6431,0
6432,0
6433,0
6434,0
6435,0
6436,0
6437,0
6438,0.19
6439,0.41
6440,0.6
6441,0.75
6442,0.85
6443,0.88
6444,0.86
6445,0.77
6446,0.63
6447,0.45
6448,0.24
6449,0
6450,0
6451,0
6452,0
6453,0
6454,0
6455,0
6456,0
6457,0
6458,0
6459,0
6460,0
6461,0
6462,0.18
6463,0.4
6464,0.59
6465,0.75
6466,0.85
6467,0.88
6468,0.86
6469,0.78
6470,0.64
6471,0.46
6472,0.27
6473,0
6474,0
6475,0
6476,0
6477,0
6478,0
6479,0
6480,0
6481,0
6482,0
6483,0
6484,0
6485,0
6486,0.19
6487,0.42
6488,0.61
6489,0.76
6490,0.86
6491,0.89
6492,0.86
6493,0.74
6494,0.6
6495,0.4
6496,0.23
6497,0
6498,0
6499,0
6500,0
6501,0
6502,0
6503,0
6504,0
6505,0
6506,0
6507,0
6508,0
6509,0
6510,0.14
6511,0.35
6512,0.52
6513,0.71
6514,0.83
6515,0.87
6516,0.85
6517,0.76
6518,0.63
6519,0.45
6520,0.26
6521,0
6522,0
6523,0
6524,0
6525,0
6526,0
6527,0
6528,0
6529,0
6530,0
6531,0
6532,0
6533,0
6534,0.18
6535,0.41
6536,0.6
6537,0.74
6538,0.84
6539,0.87
6540,0.85
6541,0.76
6542,0.63
6543,0.44
6544,0.26
6545,0
6546,0
6547,0
6548,0
6549,0
6550,0
6551,0
6552,0
6553,0
6554,0
6555,0
6556,0
6557,0
6558,0.11
6559,0.26
6560,0.42
6561,0.6
6562,0.6
6563,0.68
6564,0.73
6565,0.63
6566,0.56
6567,0.4
6568,0.2
6569,0
6570,0
6571,0
6572,0
6573,0
6574,0
6575,0
6576,0
6577,0
6578,0
6579,0
6580,0
6581,0
6582,0.15
6583,0.34
6584,0.53
6585,0.67
6586,0.79
6587,0.85
6588,0.84
6589,0.74
6590,0.59
6591,0.44
6592,0.24
6593,0
6594,0
6595,0
6596,0
6597,0
6598,0
6599,0
6600,0
6601,0
6602,0
6603,0
6604,0
6605,0
6606,0.18
6607,0.41
6608,0.61
6609,0.77
6610,0.88
6611,0.92
6612,0.9
6613,0.81
6614,0.67
6615,0.5
6616,0.28
6617,0
6618,0
6619,0
6620,0
6621,0
6622,0
6623,0
6624,0
6625,0
6626,0
6627,0
6628,0
6629,0
6630,0.18
6631,0.41
6632,0.62
6633,0.76
6634,0.87
6635,0.9
6636,0.87
6637,0.78
6638,0.64
6639,0.47
6640,0.25
6641,0
6642,0
6643,0
6644,0
6645,0
6646,0
6647,0
6648,0
6649,0
6650,0
6651,0
6652,0
6653,0
6654,0.16
6655,0.4
6656,0.61
6657,0.75
6658,0.85
6659,0.9
6660,0.87
6661,0.5
6662,0.27
6663,0.21
6664,0.24
6665,0
6666,0
6667,0
6668,0
6669,0
6670,0
6671,0
6672,0
6673,0
6674,0
6675,0
6676,0
6677,0
6678,0.09
6679,0.24
6680,0.35
6681,0.42
6682,0.45
6683,0.41
6684,0.34
6685,0.27
6686,0.2
6687,0.16
6688,0.11
6689,0
6690,0
6691,0
6692,0
6693,0
6694,0
6695,0
6696,0
6697,0
6698,0
6699,0
6700,0
6701,0
6702,0.16
6703,0.4
6704,0.6
6705,0.75
6706,0.86
6707,0.9
6708,0.86
6709,0.78
6710,0.64
6711,0.46
6712,0.23
6713,0
6714,0
6715,0
6716,0
6717,0
6718,0
6719,0
6720,0
6721,0
6722,0
6723,0
6724,0
6725,0
6726,0.16
6727,0.39
6728,0.6
6729,0.75
6730,0.85
6731,0.89
6732,0.85
6733,0.77
6734,0.63
6735,0.46
6736,0.24
6737,0
6738,0
6739,0
6740,0
6741,0
6742,0
6743,0
6744,0
6745,0
6746,0
6747,0
6748,0
6749,0
6750,0.16
6751,0.4
6752,0.6
6753,0.75
6754,0.84
6755,0.89
6756,0.86
6757,0.77
6758,0.63
6759,0.46
6760,0.24
6761,0
6762,0
6763,0
6764,0
6765,0
6766,0
6767,0
6768,0
6769,0
6770,0
6771,0
6772,0
6773,0
6774,0.17
6775,0.39
6776,0.6
6777,0.75
6778,0.84
6779,0.89
6780,0.86
6781,0.77
6782,0.63
6783,0.46
6784,0.25
6785,0
6786,0
6787,0
6788,0
6789,0
6790,0
6791,0
6792,0
6793,0
6794,0
6795,0
6796,0
6797,0
6798,0.16
6799,0.38
6800,0.58
6801,0.73
6802,0.83
6803,0.88
6804,0.84
6805,0.75
6806,0.62
6807,0.45
6808,0.23
6809,0
6810,0
6811,0
6812,0
6813,0
6814,0
6815,0
6816,0
6817,0
6818,0
6819,0
6820,0
6821,0
6822,0.15
6823,0.37
6824,0.55
6825,0.67
6826,0.74
6827,0.78
6828,0.63
6829,0.44
6830,0.33
6831,0.35
6832,0.14
6833,0
6834,0
6835,0
6836,0
6837,0
6838,0
6839,0
6840,0
6841,0
6842,0
6843,0
6844,0
6845,0
6846,0.16
6847,0.4
6848,0.59
6849,0.73
6850,0.83
6851,0.88
6852,0.84
6853,0.76
6854,0.62
6855,0.45
6856,0.24
6857,0
6858,0
6859,0
6860,0
6861,0
6862,0
6863,0
6864,0
6865,0
6866,0
6867,0
6868,0
6869,0
6870,0.16
6871,0.42
6872,0.6
6873,0.75
6874,0.85
6875,0.9
6876,0.86
6877,0.78
6878,0.63
6879,0.46
6880,0.24
6881,0
6882,0
6883,0
6884,0
6885,0
6886,0
6887,0
6888,0
6889,0
6890,0
6891,0
6892,0
6893,0
6894,0.14
6895,0.39
6896,0.59
6897,0.74
6898,0.84
6899,0.88
6900,0.86
6901,0.77
6902,0.63
6903,0.45
6904,0.23
6905,0
6906,0
6907,0
6908,0
6909,0
6910,0
6911,0
6912,0
6913,0
6914,0
6915,0
6916,0
6917,0
6918,0.12
6919,0.36
6920,0.55
6921,0.71
6922,0.82
6923,0.85
6924,0.83
6925,0.75
6926,0.61
6927,0.44
6928,0.22
6929,0
6930,0
6931,0
6932,0
6933,0
6934,0
6935,0
6936,0
6937,0
6938,0
6939,0
6940,0
6941,0
6942,0.14
6943,0.4
6944,0.58
6945,0.74
6946,0.83
6947,0.87
6948,0.85
6949,0.76
6950,0.62
6951,0.45
6952,0.23
6953,0
6954,0
6955,0
6956,0
6957,0
6958,0
6959,0
6960,0
6961,0
6962,0
6963,0
6964,0
6965,0
6966,0.14
6967,0.4
6968,0.58
6969,0.74
6970,0.84
6971,0.88
6972,0.85
6973,0.76
6974,0.62
6975,0.45
6976,0.22
6977,0
6978,0
6979,0
6980,0
6981,0
6982,0
6983,0
6984,0
6985,0
6986,0
6987,0
6988,0
6989,0
6990,0.14
6991,0.4
6992,0.59
6993,0.74
6994,0.84
6995,0.88
6996,0.85
6997,0.76
6998,0.62
6999,0.44
7000,0.22
7001,0
7002,0
7003,0
7004,0
7005,0
7006,0
7007,0
7008,0
7009,0
7010,0
7011,0
7012,0
7013,0
7014,0.13
7015,0.39
7016,0.58
7017,0.73
7018,0.83
7019,0.87
7020,0.84
7021,0.75
7022,0.61
7023,0.44
7024,0.22
7025,0
7026,0
7027,0
7028,0
7029,0
7030,0
7031,0
7032,0
7033,0
7034,0
7035,0
7036,0
7037,0
7038,0.12
7039,0.38
7040,0.56
7041,0.72
7042,0.82
7043,0.85
7044,0.83
7045,0.74
7046,0.6
7047,0.43
7048,0.21
7049,0
7050,0
7051,0
7052,0
7053,0
7054,0
7055,0
7056,0
7057,0
7058,0
7059,0
7060,0
7061,0
7062,0.12
7063,0.37
7064,0.55
7065,0.7
7066,0.79
7067,0.83
7068,0.81
7069,0.72
7070,0.58
7071,0.41
7072,0.19
7073,0
7074,0
7075,0
7076,0
7077,0
7078,0
7079,0
7080,0
7081,0
7082,0
7083,0
7084,0
7085,0
7086,0.11
7087,0.36
7088,0.53
7089,0.65
7090,0.78
7091,0.82
7092,0.79
7093,0.7
7094,0.56
7095,0.39
7096,0.17
7097,0
7098,0
7099,0
7100,0
7101,0
7102,0
7103,0
7104,0
7105,0
7106,0
7107,0
7108,0
7109,0
7110,0.11
7111,0.36
7112,0.54
7113,0.66
7114,0.71
7115,0.62
7116,0.53
7117,0.45
7118,0.38
7119,0.25
7120,0.09
7121,0
7122,0
7123,0
7124,0
7125,0
7126,0
7127,0
7128,0
7129,0
7130,0
7131,0
7132,0
7133,0
7134,0.11
7135,0.36
7136,0.55
7137,0.7
7138,0.8
7139,0.84
7140,0.81
7141,0.72
7142,0.58
7143,0.41
7144,0.2
7145,0
7146,0
7147,0
7148,0
7149,0
7150,0
7151,0
7152,0
7153,0
7154,0
7155,0
7156,0
7157,0
7158,0.08
7159,0.35
7160,0.53
7161,0.68
7162,0.79
7163,0.83
7164,0.79
7165,0.69
7166,0.55
7167,0.37
7168,0.16
7169,0
7170,0
7171,0
7172,0
7173,0
7174,0
7175,0
7176,0
7177,0
7178,0
7179,0
7180,0
7181,0
7182,0.06
7183,0.22
7184,0.39
7185,0.57
7186,0.74
7187,0.81
7188,0.78
7189,0.65
7190,0.44
7191,0.28
7192,0.14
7193,0
7194,0
7195,0
7196,0
7197,0
7198,0
7199,0
7200,0
7201,0
7202,0
7203,0
7204,0
7205,0
7206,0.1
7207,0.35
7208,0.54
7209,0.69
7210,0.79
7211,0.82
7212,0.79
7213,0.71
7214,0.57
7215,0.4
7216,0.19
7217,0
7218,0
7219,0
7220,0
7221,0
7222,0
7223,0
7224,0
7225,0
7226,0
7227,0
7228,0
7229,0
7230,0.1
7231,0.35
7232,0.54
7233,0.69
7234,0.78
7235,0.82
7236,0.79
7237,0.7
7238,0.56
7239,0.39
7240,0.19
7241,0
7242,0
7243,0
7244,0
7245,0
7246,0
7247,0
7248,0
7249,0
7250,0
7251,0
7252,0
7253,0
7254,0.06
7255,0.23
7256,0.39
7257,0.56
7258,0.7
7259,0.75
7260,0.75
7261,0.69
7262,0.55
7263,0.32
7264,0.12
7265,0
7266,0
7267,0
7268,0
7269,0
7270,0
7271,0
7272,0
7273,0
7274,0
7275,0
7276,0
7277,0
7278,0.04
7279,0.17
7280,0.32
7281,0.53
7282,0.67
7283,0.63
7284,0.43
7285,0.38
7286,0.46
7287,0.38
7288,0.18
7289,0
7290,0
7291,0
7292,0
7293,0
7294,0
7295,0
7296,0
7297,0
7298,0
7299,0
7300,0
7301,0
7302,0.04
7303,0.25
7304,0.47
7305,0.61
7306,0.71
7307,0.67
7308,0.62
7309,0.54
7310,0.45
7311,0.31
7312,0.16
7313,0
7314,0
7315,0
7316,0
7317,0
7318,0
7319,0
7320,0
7321,0
7322,0
7323,0
7324,0
7325,0
7326,0.09
7327,0.35
7328,0.54
7329,0.69
7330,0.79
7331,0.83
7332,0.8
7333,0.72
7334,0.57
7335,0.39
7336,0.18
7337,0
7338,0
7339,0
7340,0
7341,0
7342,0
7343,0
7344,0
7345,0
7346,0
7347,0
7348,0
7349,0
7350,0.08
7351,0.35
7352,0.54
7353,0.69
7354,0.79
7355,0.83
7356,0.8
7357,0.72
7358,0.57
7359,0.39
7360,0.18
7361,0
7362,0
7363,0
7364,0
7365,0
7366,0
7367,0
7368,0
7369,0
7370,0
7371,0
7372,0
7373,0
7374,0.07
7375,0.2
7376,0.33
7377,0.47
7378,0.56
7379,0.58
7380,0.55
7381,0.45
7382,0.28
7383,0.13
7384,0.03
7385,0
7386,0
7387,0
7388,0
7389,0
7390,0
7391,0
7392,0
7393,0
7394,0
7395,0
7396,0
7397,0
7398,0.08
7399,0.32
7400,0.51
7401,0.68
7402,0.78
7403,0.81
7404,0.79
7405,0.71
7406,0.56
7407,0.38
7408,0.18
7409,0
7410,0
7411,0
7412,0
7413,0
7414,0
7415,0
7416,0
7417,0
7418,0
7419,0
7420,0
7421,0
7422,0.08
7423,0.33
7424,0.52
7425,0.68
7426,0.78
7427,0.81
7428,0.79
7429,0.71
7430,0.56
7431,0.38
7432,0.18
7433,0
7434,0
7435,0
7436,0
7437,0
7438,0
7439,0
7440,0
7441,0
7442,0
7443,0
7444,0
7445,0
7446,0.07
7447,0.33
7448,0.53
7449,0.68
7450,0.78
7451,0.82
7452,0.79
7453,0.71
7454,0.56
7455,0.38
7456,0.18
7457,0
7458,0
7459,0
7460,0
7461,0
7462,0
7463,0
7464,0
7465,0
7466,0
7467,0
7468,0
7469,0
7470,0.07
7471,0.33
7472,0.52
7473,0.67
7474,0.77
7475,0.8
7476,0.77
7477,0.69
7478,0.55
7479,0.36
7480,0.1
7481,0
7482,0
7483,0
7484,0
7485,0
7486,0
7487,0
7488,0
7489,0
7490,0
7491,0
7492,0
7493,0
7494,0.07
7495,0.32
7496,0.51
7497,0.66
7498,0.76
7499,0.8
7500,0.77
7501,0.69
7502,0.54
7503,0.36
7504,0.17
7505,0
7506,0
7507,0
7508,0
7509,0
7510,0
7511,0
7512,0
7513,0
7514,0
7515,0
7516,0
7517,0
7518,0.06
7519,0.31
7520,0.51
7521,0.67
7522,0.77
7523,0.8
7524,0.77
7525,0.69
7526,0.54
7527,0.37
7528,0.17
7529,0
7530,0
7531,0
7532,0
7533,0
7534,0
7535,0
7536,0
7537,0
7538,0
7539,0
7540,0
7541,0
7542,0.07
7543,0.33
7544,0.52
7545,0.67
7546,0.77
7547,0.8
7548,0.78
7549,0.7
7550,0.55
7551,0.37
7552,0.18
7553,0
7554,0
7555,0
7556,0
7557,0
7558,0
7559,0
7560,0
7561,0
7562,0
7563,0
7564,0
7565,0
7566,0.06
7567,0.32
7568,0.51
7569,0.67
7570,0.76
7571,0.79
7572,0.77
7573,0.69
7574,0.54
7575,0.35
7576,0.15
7577,0
7578,0
7579,0
7580,0
7581,0
7582,0
7583,0
7584,0
7585,0
7586,0
7587,0
7588,0
7589,0
7590,0.03
7591,0.24
7592,0.46
7593,0.65
7594,0.7
7595,0.62
7596,0.46
7597,0.32
7598,0.22
7599,0.17
7600,0.09
7601,0
7602,0
7603,0
7604,0
7605,0
7606,0
7607,0
7608,0
7609,0
7610,0
7611,0
7612,0
7613,0
7614,0.06
7615,0.31
7616,0.5
7617,0.66
7618,0.75
7619,0.79
7620,0.76
7621,0.65
7622,0.5
7623,0.33
7624,0.17
7625,0
7626,0
7627,0
7628,0
7629,0
7630,0
7631,0
7632,0
7633,0
7634,0
7635,0
7636,0
7637,0
7638,0.02
7639,0.11
7640,0.21
7641,0.32
7642,0.4
7643,0.43
7644,0.4
7645,0.34
7646,0.24
7647,0.14
7648,0.04
7649,0
7650,0
7651,0
7652,0
7653,0
7654,0
7655,0
7656,0
7657,0
7658,0
7659,0
7660,0
7661,0
7662,0.04
7663,0.29
7664,0.47
7665,0.51
7666,0.54
7667,0.51
7668,0.61
7669,0.62
7670,0.45
7671,0.31
7672,0.16
7673,0
7674,0
7675,0
7676,0
7677,0
7678,0
7679,0
7680,0
7681,0
7682,0
7683,0
7684,0
7685,0
7686,0.05
7687,0.31
7688,0.5
7689,0.66
7690,0.76
7691,0.8
7692,0.77
7693,0.68
7694,0.53
7695,0.35
7696,0.17
7697,0
7698,0
7699,0
7700,0
7701,0
7702,0
7703,0
7704,0
7705,0
7706,0
7707,0
7708,0
7709,0
7710,0.05
7711,0.31
7712,0.51
7713,0.67
7714,0.76
7715,0.8
7716,0.78
7717,0.69
7718,0.54
7719,0.36
7720,0.18
7721,0
7722,0
7723,0
7724,0
7725,0
7726,0
7727,0
7728,0
7729,0
7730,0
7731,0
7732,0
7733,0
7734,0.04
7735,0.22
7736,0.39
7737,0.63
7738,0.69
7739,0.63
7740,0.65
7741,0.65
7742,0.5
7743,0.28
7744,0.12
7745,0
7746,0
7747,0
7748,0
7749,0
7750,0
7751,0
7752,0
7753,0
7754,0
7755,0
7756,0
7757,0
7758,0.01
7759,0.09
7760,0.14
7761,0.29
7762,0.37
7763,0.35
7764,0.29
7765,0.21
7766,0.16
7767,0.18
7768,0.07
7769,0
7770,0
7771,0
7772,0
7773,0
7774,0
7775,0
7776,0
7777,0
7778,0
7779,0
7780,0
7781,0
7782,0.04
7783,0.27
7784,0.46
7785,0.62
7786,0.73
7787,0.78
7788,0.76
7789,0.68
7790,0.54
7791,0.35
7792,0.17
7793,0
7794,0
7795,0
7796,0
7797,0
7798,0
7799,0
7800,0
7801,0
7802,0
7803,0
7804,0
7805,0
7806,0.04
7807,0.28
7808,0.48
7809,0.65
7810,0.75
7811,0.79
7812,0.77
7813,0.69
7814,0.53
7815,0.35
7816,0.17
7817,0
7818,0
7819,0
7820,0
7821,0
7822,0
7823,0
7824,0
7825,0
7826,0
7827,0
7828,0
7829,0
7830,0.04
7831,0.3
7832,0.49
7833,0.65
7834,0.75
7835,0.78
7836,0.76
7837,0.68
7838,0.53
7839,0.34
7840,0.17
7841,0
7842,0
7843,0
7844,0
7845,0
7846,0
7847,0
7848,0
7849,0
7850,0
7851,0
7852,0
7853,0
7854,0.04
7855,0.28
7856,0.48
7857,0.64
7858,0.74
7859,0.78
7860,0.75
7861,0.67
7862,0.56
7863,0.34
7864,0.17
7865,0
7866,0
7867,0
7868,0
7869,0
7870,0
7871,0
7872,0
7873,0
7874,0
7875,0
7876,0
7877,0
7878,0.03
7879,0.28
7880,0.48
7881,0.64
7882,0.74
7883,0.76
7884,0.63
7885,0.6
7886,0.56
7887,0.34
7888,0.17
7889,0
7890,0
7891,0
7892,0
7893,0
7894,0
7895,0
7896,0
7897,0
7898,0
7899,0
7900,0
7901,0
7902,0.01
7903,0.09
7904,0.22
7905,0.5
7906,0.59
7907,0.6
7908,0.56
7909,0.4
7910,0.29
7911,0.12
7912,0.03
7913,0
7914,0
7915,0
7916,0
7917,0
7918,0
7919,0
7920,0
7921,0
7922,0
7923,0
7924,0
7925,0
7926,0.02
7927,0.17
7928,0.38
7929,0.54
7930,0.64
7931,0.7
7932,0.65
7933,0.61
7934,0.52
7935,0.3
7936,0.1
7937,0
7938,0
7939,0
7940,0
7941,0
7942,0
7943,0
7944,0
7945,0
7946,0
7947,0
7948,0
7949,0
7950,0.02
7951,0.26
7952,0.45
7953,0.62
7954,0.71
7955,0.77
7956,0.74
7957,0.65
7958,0.54
7959,0.31
7960,0.14
7961,0
7962,0
7963,0
7964,0
7965,0
7966,0
7967,0
7968,0
7969,0
7970,0
7971,0
7972,0
7973,0
7974,0.01
7975,0.11
7976,0.26
7977,0.35
7978,0.43
7979,0.5
7980,0.51
7981,0.48
7982,0.43
7983,0.31
7984,0.15
7985,0
7986,0
7987,0
7988,0
7989,0
7990,0
7991,0
7992,0
7993,0
7994,0
7995,0
7996,0
7997,0
7998,0.03
7999,0.28
8000,0.48
8001,0.65
8002,0.75
8003,0.79
8004,0.76
8005,0.68
8006,0.56
8007,0.34
8008,0.17
8009,0
8010,0
8011,0
8012,0
8013,0
8014,0
8015,0
8016,0
8017,0
8018,0
8019,0
8020,0
8021,0
8022,0.03
8023,0.27
8024,0.47
8025,0.64
8026,0.73
8027,0.77
8028,0.75
8029,0.67
8030,0.55
8031,0.28
8032,0.09
8033,0
8034,0
8035,0
8036,0
8037,0
8038,0
8039,0
8040,0
8041,0
8042,0
8043,0
8044,0
8045,0
8046,0.01
8047,0.06
8048,0.15
8049,0.29
8050,0.46
8051,0.58
8052,0.57
8053,0.55
8054,0.47
8055,0.28
8056,0.12
8057,0
8058,0
8059,0
8060,0
8061,0
8062,0
8063,0
8064,0
8065,0
8066,0
8067,0
8068,0
8069,0
8070,0.02
8071,0.27
8072,0.47
8073,0.63
8074,0.73
8075,0.77
8076,0.74
8077,0.66
8078,0.55
8079,0.33
8080,0.15
8081,0
8082,0
8083,0
8084,0
8085,0
8086,0
8087,0
8088,0
8089,0
8090,0
8091,0
8092,0
8093,0
8094,0.02
8095,0.26
8096,0.47
8097,0.63
8098,0.73
8099,0.78
8100,0.75
8101,0.67
8102,0.56
8103,0.34
8104,0.16
8105,0
8106,0
8107,0
8108,0
8109,0
8110,0
8111,0
8112,0
8113,0
8114,0
8115,0
8116,0
8117,0
8118,0.02
8119,0.26
8120,0.47
8121,0.63
8122,0.73
8123,0.76
8124,0.74
8125,0.66
8126,0.54
8127,0.32
8128,0.14
8129,0
8130,0
8131,0
8132,0
8133,0
8134,0
8135,0
8136,0
8137,0
8138,0
8139,0
8140,0
8141,0
8142,0.01
8143,0.16
8144,0.32
8145,0.51
8146,0.65
8147,0.71
8148,0.65
8149,0.6
8150,0.5
8151,0.26
8152,0.1
8153,0
8154,0
8155,0
8156,0
8157,0
8158,0
8159,0
8160,0
8161,0
8162,0
8163,0
8164,0
8165,0
8166,0.02
8167,0.14
8168,0.26
8169,0.54
8170,0.69
8171,0.75
8172,0.73
8173,0.65
8174,0.53
8175,0.32
8176,0.14
8177,0
8178,0
8179,0
8180,0
8181,0
8182,0
8183,0
8184,0
8185,0
8186,0
8187,0
8188,0
8189,0
8190,0.02
8191,0.26
8192,0.49
8193,0.62
8194,0.71
8195,0.75
8196,0.73
8197,0.65
8198,0.54
8199,0.32
8200,0.14
8201,0
8202,0
8203,0
8204,0
8205,0
8206,0
8207,0
8208,0
8209,0
8210,0
8211,0
8212,0
8213,0
8214,0.02
8215,0.26
8216,0.49
8217,0.62
8218,0.72
8219,0.76
8220,0.74
8221,0.59
8222,0.42
8223,0.25
8224,0.1
8225,0
8226,0
8227,0
8228,0
8229,0
8230,0
8231,0
8232,0
8233,0
8234,0
8235,0
8236,0
8237,0
8238,0.02
8239,0.25
8240,0.49
8241,0.62
8242,0.72
8243,0.75
8244,0.74
8245,0.65
8246,0.53
8247,0.31
8248,0.13
8249,0
8250,0
8251,0
8252,0
8253,0
8254,0
8255,0
8256,0
8257,0
8258,0
8259,0
8260,0
8261,0
8262,0.01
8263,0.24
8264,0.47
8265,0.6
8266,0.7
8267,0.74
8268,0.73
8269,0.64
8270,0.53
8271,0.32
8272,0.13
8273,0
8274,0
8275,0
8276,0
8277,0
8278,0
8279,0
8280,0
8281,0
8282,0
8283,0
8284,0
8285,0
8286,0.01
8287,0.25
8288,0.48
8289,0.61
8290,0.71
8291,0.74
8292,0.73
8293,0.64
8294,0.53
8295,0.32
8296,0.13
8297,0
8298,0
8299,0
8300,0
8301,0
8302,0
8303,0
8304,0
8305,0
8306,0
8307,0
8308,0
8309,0
8310,0.01
8311,0.25
8312,0.49
8313,0.62
8314,0.72
8315,0.75
8316,0.74
8317,0.65
8318,0.54
8319,0.32
8320,0.13
8321,0
8322,0
8323,0
8324,0
8325,0
8326,0
8327,0
8328,0
8329,0
8330,0
8331,0
8332,0
8333,0
8334,0.01
8335,0.25
8336,0.49
8337,0.62
8338,0.72
8339,0.76
8340,0.74
8341,0.65
8342,0.55
8343,0.33
8344,0.14
8345,0
8346,0
8347,0
8348,0
8349,0
8350,0
8351,0
8352,0
8353,0
8354,0
8355,0
8356,0
8357,0
8358,0.01
8359,0.25
8360,0.49
8361,0.61
8362,0.72
8363,0.75
8364,0.72
8365,0.63
8366,0.52
8367,0.29
8368,0.08
8369,0
8370,0
8371,0
8372,0
8373,0
8374,0
8375,0
8376,0
8377,0
8378,0
8379,0
8380,0
8381,0
8382,0.01
8383,0.24
8384,0.47
8385,0.6
8386,0.7
8387,0.74
8388,0.72
8389,0.63
8390,0.52
8391,0.29
8392,0.09
8393,0
8394,0
8395,0
8396,0
8397,0
8398,0
8399,0
8400,0
8401,0
8402,0
8403,0
8404,0
8405,0
8406,0.01
8407,0.14
8408,0.44
8409,0.62
8410,0.74
8411,0.77
8412,0.76
8413,0.61
8414,0.48
8415,0.22
8416,0.08
8417,0
8418,0
8419,0
8420,0
8421,0
8422,0
8423,0
8424,0
8425,0
8426,0
8427,0
8428,0
8429,0
8430,0.01
8431,0.23
8432,0.48
8433,0.62
8434,0.66
8435,0.63
8436,0.45
8437,0.25
8438,0.15
8439,0.08
8440,0.02
8441,0
8442,0
8443,0
8444,0
8445,0
8446,0
8447,0
8448,0
8449,0
8450,0
8451,0
8452,0
8453,0
8454,0
8455,0.09
8456,0.19
8457,0.3
8458,0.4
8459,0.44
8460,0.35
8461,0.27
8462,0.2
8463,0.1
8464,0.03
8465,0
8466,0
8467,0
8468,0
8469,0
8470,0
8471,0
8472,0
8473,0
8474,0
8475,0
8476,0
8477,0
8478,0
8479,0.06
8480,0.15
8481,0.19
8482,0.18
8483,0.19
8484,0.2
8485,0.19
8486,0.09
8487,0.04
8488,0.01
8489,0
8490,0
8491,0
8492,0
8493,0
8494,0
8495,0
8496,0
8497,0
8498,0
8499,0
8500,0
8501,0
8502,0
8503,0.15
8504,0.32
8505,0.43
8506,0.51
8507,0.34
8508,0.29
8509,0.28
8510,0.16
8511,0.05
8512,0.01
8513,0
8514,0
8515,0
8516,0
8517,0
8518,0
8519,0
8520,0
8521,0
8522,0
8523,0
8524,0
8525,0
8526,0.01
8527,0.24
8528,0.47
8529,0.6
8530,0.7
8531,0.73
8532,0.72
8533,0.64
8534,0.54
8535,0.32
8536,0.11
8537,0
8538,0
8539,0
8540,0
8541,0
8542,0
8543,0
8544,0
8545,0
8546,0
8547,0
8548,0
8549,0
8550,0.01
8551,0.22
8552,0.39
8553,0.49
8554,0.68
8555,0.59
8556,0.57
8557,0.53
8558,0.48
8559,0.25
8560,0.06
8561,0
8562,0
8563,0
8564,0
8565,0
8566,0
8567,0
8568,0
8569,0
8570,0
8571,0
8572,0
8573,0
8574,0
8575,0.19
8576,0.26
8577,0.21
8578,0.13
8579,0.3
8580,0.61
8581,0.62
8582,0.51
8583,0.32
8584,0.11
8585,0
8586,0
8587,0
8588,0
8589,0
8590,0
8591,0
8592,0
8593,0
8594,0
8595,0
8596,0
8597,0
8598,0
8599,0.26
8600,0.47
8601,0.6
8602,0.7
8603,0.73
8604,0.72
8605,0.64
8606,0.54
8607,0.32
8608,0.11
8609,0
8610,0
8611,0
8612,0
8613,0
8614,0
8615,0
8616,0
8617,0
8618,0
8619,0
8620,0
8621,0
8622,0
8623,0.27
8624,0.49
8625,0.62
8626,0.73
8627,0.76
8628,0.74
8629,0.66
8630,0.51
8631,0.32
8632,0.12
8633,0
8634,0
8635,0
8636,0
8637,0
8638,0
8639,0
8640,0
8641,0
8642,0
8643,0
8644,0
8645,0
8646,0
8647,0.28
8648,0.48
8649,0.62
8650,0.73
8651,0.76
8652,0.72
8653,0.64
8654,0.42
8655,0.17
8656,0.04
8657,0
8658,0
8659,0
8660,0
8661,0
8662,0
8663,0
8664,0
8665,0
8666,0
8667,0
8668,0
8669,0
8670,0
8671,0.06
8672,0.13
8673,0.19
8674,0.24
8675,0.22
8676,0.2
8677,0.18
8678,0.14
8679,0.1
8680,0.03
8681,0
8682,0
8683,0
8684,0
8685,0
8686,0
8687,0
8688,0
8689,0
8690,0
8691,0
8692,0
8693,0
8694,0
8695,0.07
8696,0.24
8697,0.37
8698,0.63
8699,0.69
8700,0.62
8701,0.56
8702,0.41
8703,0.23
8704,0.07
8705,0
8706,0
8707,0
8708,0
8709,0
8710,0
8711,0
8712,0
8713,0
8714,0
8715,0
8716,0
8717,0
8718,0
8719,0.09
8720,0.2
8721,0.3
8722,0.42
8723,0.54
8724,0.58
8725,0.56
8726,0.48
8727,0.31
8728,0.09
8729,0
8730,0
8731,0
8732,0
8733,0
8734,0
8735,0
8736,0
8737,0
8738,0
8739,0
8740,0
8741,0
8742,0
8743,0.26
8744,0.46
8745,0.59
8746,0.7
8747,0.74
8748,0.72
8749,0.64
8750,0.5
8751,0.32
8752,0.11
8753,0
8754,0
8755,0
8756,0
8757,0
8758,0
8759,0
8760,0
