Timestamp,node61
h1,0
h2,0
h3,0
h4,0
h5,0
h6,0
h7,0
h8,0
h9,0.013
h10,0.059
h11,0.126
h12,0.283
h13,0.432
h14,0.556
h15,0.492
h16,0.408
h17,0.228
h18,0.042
h19,0
h20,0
h21,0
h22,0
h23,0
h24,0
h25,0
h26,0
h27,0
h28,0
h29,0
h30,0
h31,0
h32,0
h33,0.026
h34,0.111
h35,0.119
h36,0.214
h37,0.11
h38,0.266
h39,0.149
h40,0.136
h41,0.073
h42,0.02
h43,0
h44,0
h45,0
h46,0
h47,0
h48,0
h49,0
h50,0
h51,0
h52,0
h53,0
h54,0
h55,0
h56,0
h57,0.053
h58,0.097
h59,0.172
h60,0.101
h61,0.219
h62,0.343
h63,0.263
h64,0.163
h65,0.112
h66,0.02
h67,0
h68,0
h69,0
h70,0
h71,0
h72,0
h73,0
h74,0
h75,0
h76,0
h77,0
h78,0
h79,0
h80,0
h81,0.053
h82,0.045
h83,0.073
h84,0.088
h85,0.104
h86,0.284
h87,0.469
h88,0.414
h89,0.245
h90,0.009
h91,0
h92,0
h93,0
h94,0
h95,0
h96,0
h97,0
h98,0
h99,0
h100,0
h101,0
h102,0
h103,0
h104,0
h105,0.027
h106,0.112
h107,0.212
h108,0.454
h109,0.372
h110,0.349
h111,0.475
h112,0.229
h113,0.147
h114,0.03
h115,0
h116,0
h117,0
h118,0
h119,0
h120,0
h121,0
h122,0
h123,0
h124,0
h125,0
h126,0
h127,0
h128,0
h129,0.093
h130,0.134
h131,0.212
h132,0.523
h133,0.53
h134,0.373
h135,0.413
h136,0.393
h137,0.113
h138,0.015
h139,0
h140,0
h141,0
h142,0
h143,0
h144,0
h145,0
h146,0
h147,0
h148,0
h149,0
h150,0
h151,0
h152,0
h153,0.107
h154,0.305
h155,0.465
h156,0.58
h157,0.652
h158,0.634
h159,0.556
h160,0.421
h161,0.246
h162,0.062
h163,0
h164,0
h165,0
h166,0
h167,0
h168,0
h169,0
h170,0
h171,0
h172,0
h173,0
h174,0
h175,0
h176,0
h177,0.107
h178,0.275
h179,0.451
h180,0.574
h181,0.634
h182,0.646
h183,0.568
h184,0.426
h185,0.252
h186,0.06
h187,0
h188,0
h189,0
h190,0
h191,0
h192,0
h193,0
h194,0
h195,0
h196,0
h197,0
h198,0
h199,0
h200,0
h201,0.067
h202,0.253
h203,0.431
h204,0.568
h205,0.64
h206,0.628
h207,0.551
h208,0.427
h209,0.252
h210,0.061
h211,0
h212,0
h213,0
h214,0
h215,0
h216,0
h217,0
h218,0
h219,0
h220,0
h221,0
h222,0
h223,0
h224,0
h225,0.107
h226,0.305
h227,0.458
h228,0.574
h229,0.628
h230,0.622
h231,0.557
h232,0.433
h233,0.258
h234,0.062
h235,0
h236,0
h237,0
h238,0
h239,0
h240,0
h241,0
h242,0
h243,0
h244,0
h245,0
h246,0
h247,0
h248,0
h249,0.107
h250,0.305
h251,0.458
h252,0.574
h253,0.634
h254,0.628
h255,0.557
h256,0.433
h257,0.258
h258,0.066
h259,0
h260,0
h261,0
h262,0
h263,0
h264,0
h265,0
h266,0
h267,0
h268,0
h269,0
h270,0
h271,0
h272,0
h273,0.106
h274,0.305
h275,0.465
h276,0.574
h277,0.635
h278,0.629
h279,0.563
h280,0.439
h281,0.264
h282,0.067
h283,0
h284,0
h285,0
h286,0
h287,0
h288,0
h289,0
h290,0
h291,0
h292,0
h293,0
h294,0
h295,0
h296,0
h297,0.106
h298,0.305
h299,0.465
h300,0.58
h301,0.635
h302,0.635
h303,0.563
h304,0.439
h305,0.265
h306,0.072
h307,0
h308,0
h309,0
h310,0
h311,0
h312,0
h313,0
h314,0
h315,0
h316,0
h317,0
h318,0
h319,0
h320,0
h321,0.106
h322,0.305
h323,0.465
h324,0.58
h325,0.641
h326,0.635
h327,0.569
h328,0.445
h329,0.27
h330,0.072
h331,0
h332,0
h333,0
h334,0
h335,0
h336,0
h337,0
h338,0
h339,0
h340,0
h341,0
h342,0
h343,0
h344,0
h345,0.105
h346,0.312
h347,0.465
h348,0.58
h349,0.641
h350,0.641
h351,0.575
h352,0.451
h353,0.271
h354,0.077
h355,0
h356,0
h357,0
h358,0
h359,0
h360,0
h361,0
h362,0
h363,0
h364,0
h365,0
h366,0
h367,0
h368,0
h369,0.105
h370,0.312
h371,0.471
h372,0.587
h373,0.647
h374,0.641
h375,0.575
h376,0.451
h377,0.281
h378,0.085
h379,0
h380,0
h381,0
h382,0
h383,0
h384,0
h385,0
h386,0
h387,0
h388,0
h389,0
h390,0
h391,0
h392,0
h393,0.117
h394,0.312
h395,0.484
h396,0.612
h397,0.672
h398,0.659
h399,0.535
h400,0.413
h401,0.257
h402,0.025
h403,0
h404,0
h405,0
h406,0
h407,0
h408,0
h409,0
h410,0
h411,0
h412,0
h413,0
h414,0
h415,0
h416,0
h417,0.026
h418,0.089
h419,0.073
h420,0.095
h421,0.104
h422,0.148
h423,0.19
h424,0.457
h425,0.282
h426,0.083
h427,0
h428,0
h429,0
h430,0
h431,0
h432,0
h433,0
h434,0
h435,0
h436,0
h437,0
h438,0
h439,0
h440,0
h441,0.116
h442,0.215
h443,0.378
h444,0.574
h445,0.647
h446,0.659
h447,0.587
h448,0.43
h449,0.248
h450,0.048
h451,0
h452,0
h453,0
h454,0
h455,0
h456,0
h457,0
h458,0
h459,0
h460,0
h461,0
h462,0
h463,0
h464,0
h465,0.115
h466,0.252
h467,0.431
h468,0.587
h469,0.653
h470,0.618
h471,0.432
h472,0.419
h473,0.248
h474,0.07
h475,0
h476,0
h477,0
h478,0
h479,0
h480,0
h481,0
h482,0
h483,0
h484,0
h485,0
h486,0
h487,0
h488,0
h489,0.025
h490,0.244
h491,0.451
h492,0.315
h493,0.501
h494,0.113
h495,0.265
h496,0.331
h497,0.244
h498,0.049
h499,0
h500,0
h501,0
h502,0
h503,0
h504,0
h505,0
h506,0
h507,0
h508,0
h509,0
h510,0
h511,0
h512,0
h513,0.125
h514,0.266
h515,0.417
h516,0.372
h517,0.605
h518,0.671
h519,0.605
h520,0.486
h521,0.31
h522,0.102
h523,0
h524,0
h525,0
h526,0
h527,0
h528,0
h529,0
h530,0
h531,0
h532,0
h533,0
h534,0
h535,0
h536,0
h537,0.124
h538,0.31
h539,0.503
h540,0.618
h541,0.69
h542,0.671
h543,0.623
h544,0.448
h545,0.163
h546,0.107
h547,0
h548,0
h549,0
h550,0
h551,0
h552,0
h553,0
h554,0
h555,0
h556,0
h557,0
h558,0
h559,0
h560,0
h561,0.123
h562,0.317
h563,0.47
h564,0.624
h565,0.647
h566,0.672
h567,0.629
h568,0.481
h569,0.311
h570,0.108
h571,0
h572,0
h573,0
h574,0
h575,0
h576,0
h577,0
h578,0
h579,0
h580,0
h581,0
h582,0
h583,0
h584,0
h585,0.134
h586,0.324
h587,0.51
h588,0.631
h589,0.684
h590,0.701
h591,0.617
h592,0.498
h593,0.317
h594,0.113
h595,0
h596,0
h597,0
h598,0
h599,0
h600,0
h601,0
h602,0
h603,0
h604,0
h605,0
h606,0
h607,0
h608,0
h609,0.132
h610,0.25
h611,0.43
h612,0.536
h613,0.452
h614,0.398
h615,0.237
h616,0.155
h617,0.087
h618,0.039
h619,0
h620,0
h621,0
h622,0
h623,0
h624,0
h625,0
h626,0
h627,0
h628,0
h629,0
h630,0
h631,0
h632,0
h633,0.024
h634,0.051
h635,0.139
h636,0.101
h637,0.14
h638,0.125
h639,0.167
h640,0.078
h641,0.051
h642,0.028
h643,0
h644,0
h645,0
h646,0
h647,0
h648,0
h649,0
h650,0
h651,0
h652,0
h653,0
h654,0
h655,0
h656,0
h657,0.035
h658,0.249
h659,0.502
h660,0.637
h661,0.715
h662,0.696
h663,0.635
h664,0.505
h665,0.334
h666,0.124
h667,0
h668,0
h669,0
h670,0
h671,0
h672,0
h673,0
h674,0
h675,0
h676,0
h677,0
h678,0
h679,0
h680,0
h681,0.105
h682,0.161
h683,0.278
h684,0.447
h685,0.531
h686,0.69
h687,0.612
h688,0.488
h689,0.324
h690,0.093
h691,0
h692,0
h693,0
h694,0
h695,0
h696,0
h697,0
h698,0
h699,0
h700,0
h701,0
h702,0
h703,0
h704,0
h705,0.058
h706,0.058
h707,0.079
h708,0.101
h709,0.147
h710,0.155
h711,0.277
h712,0.528
h713,0.32
h714,0.126
h715,0
h716,0
h717,0
h718,0
h719,0
h720,0
h721,0
h722,0
h723,0
h724,0
h725,0
h726,0
h727,0
h728,0
h729,0.023
h730,0.051
h731,0.119
h732,0.107
h733,0.134
h734,0.494
h735,0.301
h736,0.083
h737,0.057
h738,0.02
h739,0
h740,0
h741,0
h742,0
h743,0
h744,0
h745,0
h746,0
h747,0
h748,0
h749,0
h750,0
h751,0
h752,0
h753,0.022
h754,0.051
h755,0.106
h756,0.101
h757,0.116
h758,0.178
h759,0.283
h760,0.211
h761,0.109
h762,0.062
h763,0
h764,0
h765,0
h766,0
h767,0
h768,0
h769,0
h770,0
h771,0
h772,0
h773,0
h774,0
h775,0
h776,0
h777,0.056
h778,0.102
h779,0.112
h780,0.252
h781,0.116
h782,0.125
h783,0.185
h784,0.217
h785,0.161
h786,0.116
h787,0
h788,0
h789,0
h790,0
h791,0
h792,0
h793,0
h794,0
h795,0
h796,0
h797,0
h798,0
h799,0
h800,0
h801,0.143
h802,0.334
h803,0.507
h804,0.655
h805,0.721
h806,0.69
h807,0.654
h808,0.523
h809,0.342
h810,0.142
h811,0
h812,0
h813,0
h814,0
h815,0
h816,0
h817,0
h818,0
h819,0
h820,0
h821,0
h822,0
h823,0
h824,0
h825,0.054
h826,0.102
h827,0.27
h828,0.422
h829,0.324
h830,0.625
h831,0.382
h832,0.295
h833,0.161
h834,0.046
h835,0
h836,0
h837,0
h838,0
h839,0
h840,0
h841,0
h842,0
h843,0
h844,0
h845,0
h846,0
h847,0
h848,0
h849,0.054
h850,0.138
h851,0.151
h852,0.289
h853,0.47
h854,0.381
h855,0.191
h856,0.117
h857,0.057
h858,0.042
h859,0
h860,0
h861,0
h862,0
h863,0
h864,0
h865,0
h866,0
h867,0
h868,0
h869,0
h870,0
h871,0
h872,0
h873,0.159
h874,0.354
h875,0.533
h876,0.516
h877,0.556
h878,0.583
h879,0.666
h880,0.541
h881,0.333
h882,0.043
h883,0
h884,0
h885,0
h886,0
h887,0
h888,0
h889,0
h890,0
h891,0
h892,0
h893,0
h894,0
h895,0
h896,0
h897,0.157
h898,0.368
h899,0.539
h900,0.679
h901,0.751
h902,0.744
h903,0.672
h904,0.547
h905,0.365
h906,0.154
h907,0
h908,0
h909,0
h910,0
h911,0
h912,0
h913,0
h914,0
h915,0
h916,0
h917,0
h918,0
h919,0
h920,0
h921,0.031
h922,0.259
h923,0.434
h924,0.66
h925,0.72
h926,0.714
h927,0.626
h928,0.536
h929,0.35
h930,0.112
h931,0
h932,0
h933,0
h934,0
h935,0
h936,0
h937,0
h938,0
h939,0
h940,0
h941,0
h942,0
h943,0
h944,0
h945,0.041
h946,0.086
h947,0.171
h948,0.151
h949,0.201
h950,0.19
h951,0.168
h952,0.246
h953,0.115
h954,0.078
h955,0
h956,0
h957,0
h958,0
h959,0
h960,0
h961,0
h962,0
h963,0
h964,0
h965,0
h966,0
h967,0
h968,0
h969,0.03
h970,0.057
h971,0.282
h972,0.151
h973,0.208
h974,0.417
h975,0.417
h976,0.19
h977,0.105
h978,0.039
h979,0
h980,0
h981,0
h982,0
h983,0
h984,0
h985,0
h986,0
h987,0
h988,0
h989,0
h990,0
h991,0
h992,0
h993,0.03
h994,0.1
h995,0.111
h996,0.107
h997,0.256
h998,0.452
h999,0.33
h1000,0.089
h1001,0.157
h1002,0.105
h1003,0.001
h1004,0
h1005,0
h1006,0
h1007,0
h1008,0
h1009,0
h1010,0
h1011,0
h1012,0
h1013,0
h1014,0
h1015,0
h1016,0
h1017,0.04
h1018,0.057
h1019,0.092
h1020,0.119
h1021,0.128
h1022,0.179
h1023,0.672
h1024,0.274
h1025,0.115
h1026,0.031
h1027,0.002
h1028,0
h1029,0
h1030,0
h1031,0
h1032,0
h1033,0
h1034,0
h1035,0
h1036,0
h1037,0
h1038,0
h1039,0
h1040,0
h1041,0.176
h1042,0.385
h1043,0.55
h1044,0.647
h1045,0.757
h1046,0.744
h1047,0.702
h1048,0.571
h1049,0.389
h1050,0.181
h1051,0.003
h1052,0
h1053,0
h1054,0
h1055,0
h1056,0
h1057,0
h1058,0
h1059,0
h1060,0
h1061,0
h1062,0
h1063,0
h1064,0
h1065,0.174
h1066,0.37
h1067,0.55
h1068,0.684
h1069,0.769
h1070,0.78
h1071,0.707
h1072,0.582
h1073,0.389
h1074,0.182
h1075,0.003
h1076,0
h1077,0
h1078,0
h1079,0
h1080,0
h1081,0
h1082,0
h1083,0
h1084,0
h1085,0
h1086,0
h1087,0
h1088,0
h1089,0.057
h1090,0.32
h1091,0.51
h1092,0.697
h1093,0.775
h1094,0.78
h1095,0.673
h1096,0.263
h1097,0.316
h1098,0.142
h1099,0.002
h1100,0
h1101,0
h1102,0
h1103,0
h1104,0
h1105,0
h1106,0
h1107,0
h1108,0
h1109,0
h1110,0
h1111,0
h1112,0
h1113,0.028
h1114,0.248
h1115,0.543
h1116,0.615
h1117,0.781
h1118,0.566
h1119,0.673
h1120,0.431
h1121,0.3
h1122,0.156
h1123,0.005
h1124,0
h1125,0
h1126,0
h1127,0
h1128,0
h1129,0
h1130,0
h1131,0
h1132,0
h1133,0
h1134,0
h1135,0
h1136,0
h1137,0.141
h1138,0.085
h1139,0.098
h1140,0.113
h1141,0.128
h1142,0.125
h1143,0.116
h1144,0.118
h1145,0.063
h1146,0.031
h1147,0.003
h1148,0
h1149,0
h1150,0
h1151,0
h1152,0
h1153,0
h1154,0
h1155,0
h1156,0
h1157,0
h1158,0
h1159,0
h1160,0
h1161,0.037
h1162,0.085
h1163,0.163
h1164,0.113
h1165,0.128
h1166,0.125
h1167,0.18
h1168,0.286
h1169,0.18
h1170,0.095
h1171,0.004
h1172,0
h1173,0
h1174,0
h1175,0
h1176,0
h1177,0
h1178,0
h1179,0
h1180,0
h1181,0
h1182,0
h1183,0
h1184,0.001
h1185,0.147
h1186,0.233
h1187,0.124
h1188,0.207
h1189,0.22
h1190,0.631
h1191,0.482
h1192,0.499
h1193,0.418
h1194,0.199
h1195,0.008
h1196,0
h1197,0
h1198,0
h1199,0
h1200,0
h1201,0
h1202,0
h1203,0
h1204,0
h1205,0
h1206,0
h1207,0
h1208,0.001
h1209,0.137
h1210,0.394
h1211,0.567
h1212,0.721
h1213,0.817
h1214,0.81
h1215,0.743
h1216,0.606
h1217,0.423
h1218,0.2
h1219,0.011
h1220,0
h1221,0
h1222,0
h1223,0
h1224,0
h1225,0
h1226,0
h1227,0
h1228,0
h1229,0
h1230,0
h1231,0
h1232,0.003
h1233,0.217
h1234,0.407
h1235,0.573
h1236,0.708
h1237,0.793
h1238,0.804
h1239,0.743
h1240,0.584
h1241,0.408
h1242,0.191
h1243,0.01
h1244,0
h1245,0
h1246,0
h1247,0
h1248,0
h1249,0
h1250,0
h1251,0
h1252,0
h1253,0
h1254,0
h1255,0
h1256,0.001
h1257,0.063
h1258,0.112
h1259,0.358
h1260,0.664
h1261,0.811
h1262,0.792
h1263,0.273
h1264,0.376
h1265,0.239
h1266,0.174
h1267,0.012
h1268,0
h1269,0
h1270,0
h1271,0
h1272,0
h1273,0
h1274,0
h1275,0
h1276,0
h1277,0
h1278,0
h1279,0
h1280,0.004
h1281,0.16
h1282,0.238
h1283,0.377
h1284,0.532
h1285,0.707
h1286,0.619
h1287,0.65
h1288,0.545
h1289,0.425
h1290,0.133
h1291,0.013
h1292,0
h1293,0
h1294,0
h1295,0
h1296,0
h1297,0
h1298,0
h1299,0
h1300,0
h1301,0
h1302,0
h1303,0
h1304,0.001
h1305,0.035
h1306,0.098
h1307,0.098
h1308,0.119
h1309,0.128
h1310,0.143
h1311,0.122
h1312,0.101
h1313,0.138
h1314,0.069
h1315,0.011
h1316,0
h1317,0
h1318,0
h1319,0
h1320,0
h1321,0
h1322,0
h1323,0
h1324,0
h1325,0
h1326,0
h1327,0
h1328,0.001
h1329,0.035
h1330,0.07
h1331,0.097
h1332,0.119
h1333,0.213
h1334,0.143
h1335,0.197
h1336,0.146
h1337,0.106
h1338,0.065
h1339,0.008
h1340,0
h1341,0
h1342,0
h1343,0
h1344,0
h1345,0
h1346,0
h1347,0
h1348,0
h1349,0
h1350,0
h1351,0
h1352,0.002
h1353,0.043
h1354,0.077
h1355,0.097
h1356,0.119
h1357,0.146
h1358,0.131
h1359,0.128
h1360,0.101
h1361,0.112
h1362,0.051
h1363,0.007
h1364,0
h1365,0
h1366,0
h1367,0
h1368,0
h1369,0
h1370,0
h1371,0
h1372,0
h1373,0
h1374,0
h1375,0
h1376,0.011
h1377,0.24
h1378,0.459
h1379,0.642
h1380,0.775
h1381,0.828
h1382,0.697
h1383,0.197
h1384,0.602
h1385,0.431
h1386,0.223
h1387,0.023
h1388,0
h1389,0
h1390,0
h1391,0
h1392,0
h1393,0
h1394,0
h1395,0
h1396,0
h1397,0
h1398,0
h1399,0
h1400,0.012
h1401,0.238
h1402,0.465
h1403,0.635
h1404,0.775
h1405,0.853
h1406,0.833
h1407,0.778
h1408,0.63
h1409,0.448
h1410,0.228
h1411,0.022
h1412,0
h1413,0
h1414,0
h1415,0
h1416,0
h1417,0
h1418,0
h1419,0
h1420,0
h1421,0
h1422,0
h1423,0
h1424,0.014
h1425,0.236
h1426,0.45
h1427,0.641
h1428,0.762
h1429,0.846
h1430,0.833
h1431,0.575
h1432,0.613
h1433,0.437
h1434,0.224
h1435,0.023
h1436,0
h1437,0
h1438,0
h1439,0
h1440,0
h1441,0
h1442,0
h1443,0
h1444,0
h1445,0
h1446,0
h1447,0
h1448,0.01
h1449,0.151
h1450,0.415
h1451,0.369
h1452,0.568
h1453,0.822
h1454,0.756
h1455,0.622
h1456,0.602
h1457,0.406
h1458,0.225
h1459,0.01
h1460,0
h1461,0
h1462,0
h1463,0
h1464,0
h1465,0
h1466,0
h1467,0
h1468,0
h1469,0
h1470,0
h1471,0
h1472,0
h1473,0.25
h1474,0.449
h1475,0.628
h1476,0.774
h1477,0.834
h1478,0.857
h1479,0.738
h1480,0.619
h1481,0.454
h1482,0.23
h1483,0.027
h1484,0
h1485,0
h1486,0
h1487,0
h1488,0
h1489,0
h1490,0
h1491,0
h1492,0
h1493,0
h1494,0
h1495,0
h1496,0
h1497,0.24
h1498,0.441
h1499,0.601
h1500,0.599
h1501,0.609
h1502,0.673
h1503,0.564
h1504,0.473
h1505,0.31
h1506,0.108
h1507,0.023
h1508,0
h1509,0
h1510,0
h1511,0
h1512,0
h1513,0
h1514,0
h1515,0
h1516,0
h1517,0
h1518,0
h1519,0
h1520,0
h1521,0.074
h1522,0.096
h1523,0.149
h1524,0.181
h1525,0.189
h1526,0.417
h1527,0.163
h1528,0.152
h1529,0.177
h1530,0.123
h1531,0.013
h1532,0
h1533,0
h1534,0
h1535,0
h1536,0
h1537,0
h1538,0
h1539,0
h1540,0
h1541,0
h1542,0
h1543,0
h1544,0
h1545,0.049
h1546,0.096
h1547,0.123
h1548,0.137
h1549,0.189
h1550,0.155
h1551,0.291
h1552,0.372
h1553,0.428
h1554,0.208
h1555,0.032
h1556,0
h1557,0
h1558,0
h1559,0
h1560,0
h1561,0
h1562,0
h1563,0
h1564,0
h1565,0
h1566,0
h1567,0
h1568,0
h1569,0.268
h1570,0.494
h1571,0.671
h1572,0.792
h1573,0.858
h1574,0.857
h1575,0.796
h1576,0.659
h1577,0.471
h1578,0.247
h1579,0.035
h1580,0
h1581,0
h1582,0
h1583,0
h1584,0
h1585,0
h1586,0
h1587,0
h1588,0
h1589,0
h1590,0
h1591,0
h1592,0
h1593,0.266
h1594,0.472
h1595,0.651
h1596,0.785
h1597,0.87
h1598,0.881
h1599,0.808
h1600,0.654
h1601,0.472
h1602,0.247
h1603,0.036
h1604,0
h1605,0
h1606,0
h1607,0
h1608,0
h1609,0
h1610,0
h1611,0
h1612,0
h1613,0
h1614,0
h1615,0
h1616,0
h1617,0.264
h1618,0.485
h1619,0.689
h1620,0.81
h1621,0.87
h1622,0.875
h1623,0.808
h1624,0.665
h1625,0.472
h1626,0.253
h1627,0.037
h1628,0
h1629,0
h1630,0
h1631,0
h1632,0
h1633,0
h1634,0
h1635,0
h1636,0
h1637,0
h1638,0
h1639,0
h1640,0
h1641,0.271
h1642,0.498
h1643,0.65
h1644,0.797
h1645,0.882
h1646,0.869
h1647,0.802
h1648,0.666
h1649,0.483
h1650,0.258
h1651,0.04
h1652,0
h1653,0
h1654,0
h1655,0
h1656,0
h1657,0
h1658,0
h1659,0
h1660,0
h1661,0
h1662,0
h1663,0
h1664,0
h1665,0.261
h1666,0.47
h1667,0.65
h1668,0.766
h1669,0.882
h1670,0.887
h1671,0.814
h1672,0.671
h1673,0.467
h1674,0.254
h1675,0.041
h1676,0
h1677,0
h1678,0
h1679,0
h1680,0
h1681,0
h1682,0
h1683,0
h1684,0
h1685,0
h1686,0
h1687,0
h1688,0
h1689,0.276
h1690,0.476
h1691,0.656
h1692,0.772
h1693,0.851
h1694,0.898
h1695,0.814
h1696,0.655
h1697,0.484
h1698,0.254
h1699,0.042
h1700,0
h1701,0
h1702,0
h1703,0
h1704,0
h1705,0
h1706,0
h1707,0
h1708,0
h1709,0
h1710,0
h1711,0
h1712,0
h1713,0.274
h1714,0.489
h1715,0.681
h1716,0.79
h1717,0.893
h1718,0.892
h1719,0.808
h1720,0.672
h1721,0.489
h1722,0.26
h1723,0.045
h1724,0
h1725,0
h1726,0
h1727,0
h1728,0
h1729,0
h1730,0
h1731,0
h1732,0
h1733,0
h1734,0
h1735,0
h1736,0
h1737,0.273
h1738,0.488
h1739,0.636
h1740,0.772
h1741,0.857
h1742,0.869
h1743,0.686
h1744,0.655
h1745,0.484
h1746,0.26
h1747,0.046
h1748,0
h1749,0
h1750,0
h1751,0
h1752,0
h1753,0
h1754,0
h1755,0
h1756,0
h1757,0
h1758,0
h1759,0
h1760,0
h1761,0.287
h1762,0.474
h1763,0.539
h1764,0.809
h1765,0.869
h1766,0.857
h1767,0.355
h1768,0.136
h1769,0.081
h1770,0.097
h1771,0.011
h1772,0
h1773,0
h1774,0
h1775,0
h1776,0
h1777,0
h1778,0
h1779,0
h1780,0
h1781,0
h1782,0
h1783,0
h1784,0.019
h1785,0.046
h1786,0.088
h1787,0.135
h1788,0.137
h1789,0.486
h1790,0.482
h1791,0.803
h1792,0.265
h1793,0.382
h1794,0.256
h1795,0.05
h1796,0
h1797,0
h1798,0
h1799,0
h1800,0
h1801,0
h1802,0
h1803,0
h1804,0
h1805,0
h1806,0
h1807,0
h1808,0.089
h1809,0.307
h1810,0.527
h1811,0.705
h1812,0.827
h1813,0.911
h1814,0.916
h1815,0.843
h1816,0.689
h1817,0.501
h1818,0.266
h1819,0.051
h1820,0
h1821,0
h1822,0
h1823,0
h1824,0
h1825,0
h1826,0
h1827,0
h1828,0
h1829,0
h1830,0
h1831,0
h1832,0.067
h1833,0.283
h1834,0.486
h1835,0.711
h1836,0.814
h1837,0.856
h1838,0.315
h1839,0.599
h1840,0.39
h1841,0.151
h1842,0.049
h1843,0.012
h1844,0
h1845,0
h1846,0
h1847,0
h1848,0
h1849,0
h1850,0
h1851,0
h1852,0
h1853,0
h1854,0
h1855,0
h1856,0.048
h1857,0.221
h1858,0.088
h1859,0.416
h1860,0.348
h1861,0.273
h1862,0.291
h1863,0.832
h1864,0.672
h1865,0.399
h1866,0.267
h1867,0.024
h1868,0
h1869,0
h1870,0
h1871,0
h1872,0
h1873,0
h1874,0
h1875,0
h1876,0
h1877,0
h1878,0
h1879,0
h1880,0.107
h1881,0.319
h1882,0.498
h1883,0.685
h1884,0.789
h1885,0.917
h1886,0.773
h1887,0.541
h1888,0.514
h1889,0.497
h1890,0.273
h1891,0.06
h1892,0
h1893,0
h1894,0
h1895,0
h1896,0
h1897,0
h1898,0
h1899,0
h1900,0
h1901,0
h1902,0
h1903,0
h1904,0.102
h1905,0.325
h1906,0.524
h1907,0.71
h1908,0.819
h1909,0.947
h1910,0.94
h1911,0.838
h1912,0.695
h1913,0.502
h1914,0.283
h1915,0.048
h1916,0
h1917,0
h1918,0
h1919,0
h1920,0
h1921,0
h1922,0
h1923,0
h1924,0
h1925,0
h1926,0
h1927,0
h1928,0.098
h1929,0.339
h1930,0.557
h1931,0.735
h1932,0.875
h1933,0.929
h1934,0.898
h1935,0.826
h1936,0.695
h1937,0.503
h1938,0.283
h1939,0.061
h1940,0
h1941,0
h1942,0
h1943,0
h1944,0
h1945,0
h1946,0
h1947,0
h1948,0
h1949,0
h1950,0
h1951,0
h1952,0.094
h1953,0.33
h1954,0.509
h1955,0.741
h1956,0.869
h1957,0.934
h1958,0.939
h1959,0.855
h1960,0.69
h1961,0.508
h1962,0.279
h1963,0.047
h1964,0
h1965,0
h1966,0
h1967,0
h1968,0
h1969,0
h1970,0
h1971,0
h1972,0
h1973,0
h1974,0
h1975,0
h1976,0.117
h1977,0.344
h1978,0.549
h1979,0.715
h1980,0.825
h1981,0.94
h1982,0.916
h1983,0.849
h1984,0.69
h1985,0.508
h1986,0.279
h1987,0.066
h1988,0
h1989,0
h1990,0
h1991,0
h1992,0
h1993,0
h1994,0
h1995,0
h1996,0
h1997,0
h1998,0
h1999,0
h2000,0.038
h2001,0.357
h2002,0.528
h2003,0.734
h2004,0.874
h2005,0.94
h2006,0.933
h2007,0.861
h2008,0.701
h2009,0.509
h2010,0.29
h2011,0.067
h2012,0
h2013,0
h2014,0
h2015,0
h2016,0
h2017,0
h2018,0
h2019,0
h2020,0
h2021,0
h2022,0
h2023,0
h2024,0.123
h2025,0.163
h2026,0.207
h2027,0.185
h2028,0.26
h2029,0.6
h2030,0.149
h2031,0.18
h2032,0.147
h2033,0.157
h2034,0.049
h2035,0.071
h2036,0
h2037,0
h2038,0
h2039,0
h2040,0
h2041,0
h2042,0
h2043,0
h2044,0
h2045,0
h2046,0
h2047,0
h2048,0.119
h2049,0.362
h2050,0.587
h2051,0.771
h2052,0.892
h2053,0.958
h2054,0.957
h2055,0.873
h2056,0.719
h2057,0.52
h2058,0.3
h2059,0.072
h2060,0
h2061,0
h2062,0
h2063,0
h2064,0
h2065,0
h2066,0
h2067,0
h2068,0
h2069,0
h2070,0
h2071,0
h2072,0.128
h2073,0.361
h2074,0.54
h2075,0.695
h2076,0.886
h2077,0.934
h2078,0.951
h2079,0.838
h2080,0.736
h2081,0.358
h2082,0.148
h2083,0.036
h2084,0
h2085,0
h2086,0
h2087,0
h2088,0
h2089,0
h2090,0
h2091,0
h2092,0
h2093,0
h2094,0
h2095,0
h2096,0.079
h2097,0.103
h2098,0.153
h2099,0.388
h2100,0.254
h2101,0.303
h2102,0.939
h2103,0.873
h2104,0.725
h2105,0.521
h2106,0.277
h2107,0.067
h2108,0
h2109,0
h2110,0
h2111,0
h2112,0
h2113,0
h2114,0
h2115,0
h2116,0
h2117,0
h2118,0
h2119,0
h2120,0.133
h2121,0.373
h2122,0.572
h2123,0.77
h2124,0.886
h2125,0.946
h2126,0.975
h2127,0.884
h2128,0.725
h2129,0.526
h2130,0.302
h2131,0.081
h2132,0
h2133,0
h2134,0
h2135,0
h2136,0
h2137,0
h2138,0
h2139,0
h2140,0
h2141,0
h2142,0
h2143,0
h2144,0.141
h2145,0.379
h2146,0.578
h2147,0.751
h2148,0.904
h2149,0.97
h2150,0.963
h2151,0.873
h2152,0.725
h2153,0.532
h2154,0.307
h2155,0.075
h2156,0
h2157,0
h2158,0
h2159,0
h2160,0
h2161,0
h2162,0
h2163,0
h2164,0
h2165,0
h2166,0
h2167,0
h2168,0.149
h2169,0.378
h2170,0.584
h2171,0.731
h2172,0.86
h2173,0.939
h2174,0.945
h2175,0.867
h2176,0.714
h2177,0.532
h2178,0.303
h2179,0.079
h2180,0
h2181,0
h2182,0
h2183,0
h2184,0
h2185,0
h2186,0
h2187,0
h2188,0
h2189,0
h2190,0
h2191,0
h2192,0.157
h2193,0.363
h2194,0.59
h2195,0.75
h2196,0.879
h2197,0.969
h2198,0.969
h2199,0.855
h2200,0.731
h2201,0.543
h2202,0.303
h2203,0.083
h2204,0
h2205,0
h2206,0
h2207,0
h2208,0
h2209,0
h2210,0
h2211,0
h2212,0
h2213,0
h2214,0
h2215,0
h2216,0.154
h2217,0.347
h2218,0.503
h2219,0.743
h2220,0.872
h2221,0.878
h2222,0.951
h2223,0.844
h2224,0.572
h2225,0.505
h2226,0.249
h2227,0.052
h2228,0
h2229,0
h2230,0
h2231,0
h2232,0
h2233,0
h2234,0
h2235,0
h2236,0
h2237,0
h2238,0
h2239,0
h2240,0.131
h2241,0.354
h2242,0.476
h2243,0.711
h2244,0.903
h2245,0.963
h2246,0.957
h2247,0.879
h2248,0.737
h2249,0.533
h2250,0.309
h2251,0.085
h2252,0
h2253,0
h2254,0
h2255,0
h2256,0
h2257,0
h2258,0
h2259,0
h2260,0
h2261,0
h2262,0
h2263,0
h2264,0.169
h2265,0.381
h2266,0.582
h2267,0.768
h2268,0.903
h2269,0.963
h2270,0.957
h2271,0.861
h2272,0.72
h2273,0.538
h2274,0.309
h2275,0.085
h2276,0
h2277,0
h2278,0
h2279,0
h2280,0
h2281,0
h2282,0
h2283,0
h2284,0
h2285,0
h2286,0
h2287,0
h2288,0.167
h2289,0.388
h2290,0.608
h2291,0.774
h2292,0.878
h2293,0.975
h2294,0.951
h2295,0.873
h2296,0.709
h2297,0.522
h2298,0.295
h2299,0.086
h2300,0
h2301,0
h2302,0
h2303,0
h2304,0
h2305,0
h2306,0
h2307,0
h2308,0
h2309,0
h2310,0
h2311,0
h2312,0.174
h2313,0.401
h2314,0.594
h2315,0.723
h2316,0.859
h2317,0.963
h2318,0.968
h2319,0.873
h2320,0.72
h2321,0.539
h2322,0.315
h2323,0.094
h2324,0
h2325,0
h2326,0
h2327,0
h2328,0
h2329,0
h2330,0
h2331,0
h2332,0
h2333,0
h2334,0
h2335,0
h2336,0.105
h2337,0.222
h2338,0.257
h2339,0.45
h2340,0.766
h2341,0.823
h2342,0.974
h2343,0.873
h2344,0.737
h2345,0.555
h2346,0.315
h2347,0.098
h2348,0
h2349,0
h2350,0
h2351,0
h2352,0
h2353,0
h2354,0
h2355,0
h2356,0
h2357,0
h2358,0
h2359,0
h2360,0.179
h2361,0.406
h2362,0.619
h2363,0.786
h2364,0.914
h2365,0.987
h2366,0.968
h2367,0.89
h2368,0.737
h2369,0.545
h2370,0.316
h2371,0.099
h2372,0
h2373,0
h2374,0
h2375,0
h2376,0
h2377,0
h2378,0
h2379,0
h2380,0
h2381,0
h2382,0
h2383,0.001
h2384,0.186
h2385,0.405
h2386,0.612
h2387,0.773
h2388,0.902
h2389,0.98
h2390,0.968
h2391,0.885
h2392,0.493
h2393,0.55
h2394,0.316
h2395,0.1
h2396,0
h2397,0
h2398,0
h2399,0
h2400,0
h2401,0
h2402,0
h2403,0
h2404,0
h2405,0
h2406,0
h2407,0.002
h2408,0.184
h2409,0.412
h2410,0.605
h2411,0.785
h2412,0.932
h2413,0.992
h2414,0.98
h2415,0.885
h2416,0.737
h2417,0.54
h2418,0.332
h2419,0.101
h2420,0
h2421,0
h2422,0
h2423,0
h2424,0
h2425,0
h2426,0
h2427,0
h2428,0
h2429,0
h2430,0
h2431,0.002
h2432,0.191
h2433,0.404
h2434,0.631
h2435,0.785
h2436,0.92
h2437,0.974
h2438,0.992
h2439,0.896
h2440,0.738
h2441,0.54
h2442,0.277
h2443,0.049
h2444,0
h2445,0
h2446,0
h2447,0
h2448,0
h2449,0
h2450,0
h2451,0
h2452,0
h2453,0
h2454,0
h2455,0.003
h2456,0.199
h2457,0.403
h2458,0.611
h2459,0.797
h2460,0.913
h2461,0.986
h2462,0.909
h2463,0.838
h2464,0.306
h2465,0.387
h2466,0.232
h2467,0.03
h2468,0
h2469,0
h2470,0
h2471,0
h2472,0
h2473,0
h2474,0
h2475,0
h2476,0
h2477,0
h2478,0
h2479,0.004
h2480,0.17
h2481,0.395
h2482,0.61
h2483,0.803
h2484,0.919
h2485,0.968
h2486,0.974
h2487,0.867
h2488,0.602
h2489,0.404
h2490,0.181
h2491,0.034
h2492,0
h2493,0
h2494,0
h2495,0
h2496,0
h2497,0
h2498,0
h2499,0
h2500,0
h2501,0
h2502,0
h2503,0.003
h2504,0.115
h2505,0.408
h2506,0.629
h2507,0.499
h2508,0.315
h2509,0.956
h2510,0.986
h2511,0.908
h2512,0.698
h2513,0.551
h2514,0.343
h2515,0.069
h2516,0
h2517,0
h2518,0
h2519,0
h2520,0
h2521,0
h2522,0
h2523,0
h2524,0
h2525,0
h2526,0
h2527,0.003
h2528,0.079
h2529,0.07
h2530,0.256
h2531,0.607
h2532,0.327
h2533,0.363
h2534,0.677
h2535,0.594
h2536,0.233
h2537,0.169
h2538,0.157
h2539,0.104
h2540,0
h2541,0
h2542,0
h2543,0
h2544,0
h2545,0
h2546,0
h2547,0
h2548,0
h2549,0
h2550,0
h2551,0.002
h2552,0.052
h2553,0.07
h2554,0.216
h2555,0.745
h2556,0.438
h2557,0.762
h2558,0.713
h2559,0.518
h2560,0.449
h2561,0.235
h2562,0.121
h2563,0.035
h2564,0
h2565,0
h2566,0
h2567,0
h2568,0
h2569,0
h2570,0
h2571,0
h2572,0
h2573,0
h2574,0
h2575,0.002
h2576,0.052
h2577,0.189
h2578,0.249
h2579,0.278
h2580,0.592
h2581,0.581
h2582,0.885
h2583,0.332
h2584,0.664
h2585,0.514
h2586,0.162
h2587,0.043
h2588,0
h2589,0
h2590,0
h2591,0
h2592,0
h2593,0
h2594,0
h2595,0
h2596,0
h2597,0
h2598,0
h2599,0.011
h2600,0.223
h2601,0.441
h2602,0.634
h2603,0.833
h2604,0.955
h2605,1.01
h2606,0.998
h2607,0.902
h2608,0.738
h2609,0.241
h2610,0.335
h2611,0.122
h2612,0
h2613,0
h2614,0
h2615,0
h2616,0
h2617,0
h2618,0
h2619,0
h2620,0
h2621,0
h2622,0
h2623,0.013
h2624,0.23
h2625,0.44
h2626,0.64
h2627,0.827
h2628,0.955
h2629,1.022
h2630,1.003
h2631,0.914
h2632,0.755
h2633,0.569
h2634,0.335
h2635,0.122
h2636,0
h2637,0
h2638,0
h2639,0
h2640,0
h2641,0
h2642,0
h2643,0
h2644,0
h2645,0
h2646,0
h2647,0.014
h2648,0.228
h2649,0.446
h2650,0.647
h2651,0.82
h2652,0.955
h2653,1.016
h2654,0.998
h2655,0.914
h2656,0.761
h2657,0.564
h2658,0.34
h2659,0.115
h2660,0
h2661,0
h2662,0
h2663,0
h2664,0
h2665,0
h2666,0
h2667,0
h2668,0
h2669,0
h2670,0
h2671,0
h2672,0.177
h2673,0.425
h2674,0.633
h2675,0.82
h2676,0.936
h2677,1.01
h2678,0.974
h2679,0.873
h2680,0.767
h2681,0.564
h2682,0.356
h2683,0.124
h2684,0
h2685,0
h2686,0
h2687,0
h2688,0
h2689,0
h2690,0
h2691,0
h2692,0
h2693,0
h2694,0
h2695,0
h2696,0.142
h2697,0.306
h2698,0.359
h2699,0.296
h2700,0.511
h2701,0.586
h2702,0.226
h2703,0.227
h2704,0.239
h2705,0.197
h2706,0.183
h2707,0.04
h2708,0
h2709,0
h2710,0
h2711,0
h2712,0
h2713,0
h2714,0
h2715,0
h2716,0
h2717,0
h2718,0
h2719,0
h2720,0.241
h2721,0.083
h2722,0.6
h2723,0.303
h2724,0.949
h2725,1.003
h2726,0.997
h2727,0.903
h2728,0.176
h2729,0.181
h2730,0.336
h2731,0.032
h2732,0
h2733,0
h2734,0
h2735,0
h2736,0
h2737,0
h2738,0
h2739,0
h2740,0
h2741,0
h2742,0
h2743,0
h2744,0.24
h2745,0.471
h2746,0.684
h2747,0.851
h2748,0.967
h2749,1.021
h2750,1.009
h2751,0.914
h2752,0.773
h2753,0.581
h2754,0.367
h2755,0.126
h2756,0
h2757,0
h2758,0
h2759,0
h2760,0
h2761,0
h2762,0
h2763,0
h2764,0
h2765,0
h2766,0
h2767,0
h2768,0.247
h2769,0.471
h2770,0.658
h2771,0.844
h2772,0.973
h2773,1.033
h2774,1.021
h2775,0.92
h2776,0.773
h2777,0.576
h2778,0.357
h2779,0.13
h2780,0
h2781,0
h2782,0
h2783,0
h2784,0
h2785,0
h2786,0
h2787,0
h2788,0
h2789,0
h2790,0
h2791,0
h2792,0.245
h2793,0.477
h2794,0.683
h2795,0.857
h2796,0.973
h2797,1.039
h2798,1.021
h2799,0.914
h2800,0.739
h2801,0.516
h2802,0.342
h2803,0.123
h2804,0
h2805,0
h2806,0
h2807,0
h2808,0
h2809,0
h2810,0
h2811,0
h2812,0
h2813,0
h2814,0
h2815,0
h2816,0.252
h2817,0.476
h2818,0.69
h2819,0.863
h2820,0.985
h2821,1.039
h2822,1.021
h2823,0.92
h2824,0.785
h2825,0.384
h2826,0.363
h2827,0.136
h2828,0
h2829,0
h2830,0
h2831,0
h2832,0
h2833,0
h2834,0
h2835,0
h2836,0
h2837,0
h2838,0
h2839,0
h2840,0.251
h2841,0.421
h2842,0.566
h2843,0.667
h2844,0.936
h2845,0.906
h2846,0.926
h2847,0.786
h2848,0.444
h2849,0.307
h2850,0.246
h2851,0.074
h2852,0
h2853,0
h2854,0
h2855,0
h2856,0
h2857,0
h2858,0
h2859,0
h2860,0
h2861,0
h2862,0
h2863,0
h2864,0.153
h2865,0.282
h2866,0.318
h2867,0.856
h2868,0.978
h2869,1.045
h2870,1.027
h2871,0.938
h2872,0.785
h2873,0.598
h2874,0.364
h2875,0.137
h2876,0
h2877,0
h2878,0
h2879,0
h2880,0
h2881,0
h2882,0
h2883,0
h2884,0
h2885,0
h2886,0
h2887,0
h2888,0.249
h2889,0.468
h2890,0.643
h2891,0.831
h2892,0.941
h2893,0.973
h2894,0.997
h2895,0.897
h2896,0.757
h2897,0.544
h2898,0.154
h2899,0.071
h2900,0
h2901,0
h2902,0
h2903,0
h2904,0
h2905,0
h2906,0
h2907,0
h2908,0
h2909,0
h2910,0
h2911,0
h2912,0.04
h2913,0.096
h2914,0.13
h2915,0.176
h2916,0.185
h2917,0.242
h2918,0.214
h2919,0.151
h2920,0.239
h2921,0.093
h2922,0.077
h2923,0.025
h2924,0
h2925,0
h2926,0
h2927,0
h2928,0
h2929,0
h2930,0
h2931,0
h2932,0
h2933,0
h2934,0
h2935,0
h2936,0.112
h2937,0.076
h2938,0.123
h2939,0.138
h2940,0.172
h2941,0.175
h2942,0.172
h2943,0.163
h2944,0.137
h2945,0.104
h2946,0.072
h2947,0.025
h2948,0
h2949,0
h2950,0
h2951,0
h2952,0
h2953,0
h2954,0
h2955,0
h2956,0
h2957,0
h2958,0
h2959,0
h2960,0.048
h2961,0.213
h2962,0.136
h2963,0.17
h2964,0.215
h2965,0.163
h2966,0.237
h2967,0.181
h2968,0.353
h2969,0.495
h2970,0.319
h2971,0.051
h2972,0
h2973,0
h2974,0
h2975,0
h2976,0
h2977,0
h2978,0
h2979,0
h2980,0
h2981,0
h2982,0
h2983,0
h2984,0.071
h2985,0.123
h2986,0.149
h2987,0.22
h2988,0.308
h2989,0.338
h2990,0.481
h2991,0.507
h2992,0.603
h2993,0.247
h2994,0.16
h2995,0.089
h2996,0
h2997,0
h2998,0
h2999,0
h3000,0
h3001,0
h3002,0
h3003,0
h3004,0
h3005,0
h3006,0
h3007,0
h3008,0.047
h3009,0.301
h3010,0.603
h3011,0.434
h3012,0.676
h3013,0.978
h3014,0.914
h3015,0.851
h3016,0.74
h3017,0.556
h3018,0.222
h3019,0.098
h3020,0
h3021,0
h3022,0
h3023,0
h3024,0
h3025,0
h3026,0
h3027,0
h3028,0
h3029,0
h3030,0
h3031,0
h3032,0.189
h3033,0.301
h3034,0.616
h3035,0.811
h3036,0.775
h3037,1.015
h3038,0.974
h3039,0.868
h3040,0.53
h3041,0.094
h3042,0.175
h3043,0.068
h3044,0
h3045,0
h3046,0
h3047,0
h3048,0
h3049,0
h3050,0
h3051,0
h3052,0
h3053,0
h3054,0
h3055,0
h3056,0.274
h3057,0.478
h3058,0.68
h3059,0.836
h3060,0.971
h3061,1.015
h3062,1.009
h3063,0.915
h3064,0.775
h3065,0.573
h3066,0.356
h3067,0.15
h3068,0
h3069,0
h3070,0
h3071,0
h3072,0
h3073,0
h3074,0
h3075,0
h3076,0
h3077,0
h3078,0
h3079,0
h3080,0.266
h3081,0.485
h3082,0.686
h3083,0.861
h3084,0.941
h3085,1.027
h3086,1.003
h3087,0.915
h3088,0.769
h3089,0.6
h3090,0.377
h3091,0.151
h3092,0.001
h3093,0
h3094,0
h3095,0
h3096,0
h3097,0
h3098,0
h3099,0
h3100,0
h3101,0
h3102,0
h3103,0.074
h3104,0.156
h3105,0.396
h3106,0.57
h3107,0.741
h3108,0.867
h3109,1.002
h3110,0.992
h3111,0.904
h3112,0.604
h3113,0.556
h3114,0.336
h3115,0.035
h3116,0
h3117,0
h3118,0
h3119,0
h3120,0
h3121,0
h3122,0
h3123,0
h3124,0
h3125,0
h3126,0
h3127,0.053
h3128,0.28
h3129,0.464
h3130,0.524
h3131,0.59
h3132,0.652
h3133,0.87
h3134,0.962
h3135,0.874
h3136,0.758
h3137,0.579
h3138,0.233
h3139,0.095
h3140,0.002
h3141,0
h3142,0
h3143,0
h3144,0
h3145,0
h3146,0
h3147,0
h3148,0
h3149,0
h3150,0
h3151,0.052
h3152,0.271
h3153,0.477
h3154,0.673
h3155,0.841
h3156,0.953
h3157,1.014
h3158,0.968
h3159,0.898
h3160,0.769
h3161,0.221
h3162,0.088
h3163,0.035
h3164,0.001
h3165,0
h3166,0
h3167,0
h3168,0
h3169,0
h3170,0
h3171,0
h3172,0
h3173,0
h3174,0
h3175,0.084
h3176,0.278
h3177,0.49
h3178,0.692
h3179,0.86
h3180,0.977
h3181,1.014
h3182,1.009
h3183,0.904
h3184,0.707
h3185,0.458
h3186,0.363
h3187,0.114
h3188,0.003
h3189,0
h3190,0
h3191,0
h3192,0
h3193,0
h3194,0
h3195,0
h3196,0
h3197,0
h3198,0
h3199,0.065
h3200,0.278
h3201,0.449
h3202,0.2
h3203,0.151
h3204,0.313
h3205,0.368
h3206,0.831
h3207,0.904
h3208,0.633
h3209,0.21
h3210,0.192
h3211,0.057
h3212,0.001
h3213,0
h3214,0
h3215,0
h3216,0
h3217,0
h3218,0
h3219,0
h3220,0
h3221,0
h3222,0
h3223,0.064
h3224,0.154
h3225,0.388
h3226,0.452
h3227,0.741
h3228,0.412
h3229,0.719
h3230,0.178
h3231,0.28
h3232,0.758
h3233,0.502
h3234,0.223
h3235,0.066
h3236,0.005
h3237,0
h3238,0
h3239,0
h3240,0
h3241,0
h3242,0
h3243,0
h3244,0
h3245,0
h3246,0
h3247,0.031
h3248,0.184
h3249,0.401
h3250,0.679
h3251,0.866
h3252,0.977
h3253,1.02
h3254,1.015
h3255,0.921
h3256,0.793
h3257,0.591
h3258,0.385
h3259,0.168
h3260,0.004
h3261,0
h3262,0
h3263,0
h3264,0
h3265,0
h3266,0
h3267,0
h3268,0
h3269,0
h3270,0
h3271,0.076
h3272,0.253
h3273,0.421
h3274,0.562
h3275,0.678
h3276,0.744
h3277,0.779
h3278,0.766
h3279,0.712
h3280,0.616
h3281,0.486
h3282,0.323
h3283,0.146
h3284,0.006
h3285,0
h3286,0
h3287,0
h3288,0
h3289,0
h3290,0
h3291,0
h3292,0
h3293,0
h3294,0
h3295,0.075
h3296,0.237
h3297,0.394
h3298,0.517
h3299,0.778
h3300,0.922
h3301,0.9
h3302,0.748
h3303,0.77
h3304,0.753
h3305,0.563
h3306,0.37
h3307,0.133
h3308,0.004
h3309,0
h3310,0
h3311,0
h3312,0
h3313,0
h3314,0
h3315,0
h3316,0
h3317,0
h3318,0
h3319,0.088
h3320,0.267
h3321,0.455
h3322,0.672
h3323,0.853
h3324,0.959
h3325,1.014
h3326,1.021
h3327,0.927
h3328,0.776
h3329,0.569
h3330,0.365
h3331,0.156
h3332,0.006
h3333,0
h3334,0
h3335,0
h3336,0
h3337,0
h3338,0
h3339,0
h3340,0
h3341,0
h3342,0
h3343,0.086
h3344,0.29
h3345,0.495
h3346,0.697
h3347,0.859
h3348,0.971
h3349,1.039
h3350,1.01
h3351,0.922
h3352,0.782
h3353,0.586
h3354,0.381
h3355,0.174
h3356,0.007
h3357,0
h3358,0
h3359,0
h3360,0
h3361,0
h3362,0
h3363,0
h3364,0
h3365,0
h3366,0
h3367,0.085
h3368,0.297
h3369,0.502
h3370,0.704
h3371,0.847
h3372,0.958
h3373,1.014
h3374,0.998
h3375,0.928
h3376,0.782
h3377,0.614
h3378,0.392
h3379,0.179
h3380,0.006
h3381,0
h3382,0
h3383,0
h3384,0
h3385,0
h3386,0
h3387,0
h3388,0
h3389,0
h3390,0
h3391,0.084
h3392,0.297
h3393,0.508
h3394,0.71
h3395,0.847
h3396,0.965
h3397,1.033
h3398,1.01
h3399,0.934
h3400,0.782
h3401,0.608
h3402,0.387
h3403,0.117
h3404,0.005
h3405,0
h3406,0
h3407,0
h3408,0
h3409,0
h3410,0
h3411,0
h3412,0
h3413,0
h3414,0
h3415,0.097
h3416,0.304
h3417,0.501
h3418,0.69
h3419,0.847
h3420,0.971
h3421,1.033
h3422,1.022
h3423,0.934
h3424,0.805
h3425,0.614
h3426,0.397
h3427,0.108
h3428,0.001
h3429,0
h3430,0
h3431,0
h3432,0
h3433,0
h3434,0
h3435,0
h3436,0
h3437,0
h3438,0
h3439,0.082
h3440,0.288
h3441,0.474
h3442,0.677
h3443,0.853
h3444,0.971
h3445,1.02
h3446,1.016
h3447,0.905
h3448,0.771
h3449,0.576
h3450,0.235
h3451,0.131
h3452,0.007
h3453,0
h3454,0
h3455,0
h3456,0
h3457,0
h3458,0
h3459,0
h3460,0
h3461,0
h3462,0
h3463,0.067
h3464,0.258
h3465,0.481
h3466,0.671
h3467,0.84
h3468,0.915
h3469,1.021
h3470,0.998
h3471,0.899
h3472,0.782
h3473,0.576
h3474,0.304
h3475,0.05
h3476,0.008
h3477,0
h3478,0
h3479,0
h3480,0
h3481,0
h3482,0
h3483,0
h3484,0
h3485,0
h3486,0
h3487,0.04
h3488,0.045
h3489,0.088
h3490,0.11
h3491,0.138
h3492,0.178
h3493,0.302
h3494,0.374
h3495,0.502
h3496,0.428
h3497,0.548
h3498,0.241
h3499,0.127
h3500,0.014
h3501,0
h3502,0
h3503,0
h3504,0
h3505,0
h3506,0
h3507,0
h3508,0
h3509,0
h3510,0
h3511,0.079
h3512,0.106
h3513,0.277
h3514,0.445
h3515,0.527
h3516,0.448
h3517,0.429
h3518,0.63
h3519,0.455
h3520,0.708
h3521,0.299
h3522,0.121
h3523,0.05
h3524,0.002
h3525,0
h3526,0
h3527,0
h3528,0
h3529,0
h3530,0
h3531,0
h3532,0
h3533,0
h3534,0
h3535,0.065
h3536,0.136
h3537,0.216
h3538,0.342
h3539,0.677
h3540,0.7
h3541,0.574
h3542,0.588
h3543,0.146
h3544,0.126
h3545,0.122
h3546,0.147
h3547,0.191
h3548,0.016
h3549,0
h3550,0
h3551,0
h3552,0
h3553,0
h3554,0
h3555,0
h3556,0
h3557,0
h3558,0
h3559,0.039
h3560,0.151
h3561,0.25
h3562,0.271
h3563,0.42
h3564,0.639
h3565,0.362
h3566,0.303
h3567,0.339
h3568,0.36
h3569,0.593
h3570,0.394
h3571,0.16
h3572,0.011
h3573,0
h3574,0
h3575,0
h3576,0
h3577,0
h3578,0
h3579,0
h3580,0
h3581,0
h3582,0
h3583,0.103
h3584,0.294
h3585,0.521
h3586,0.716
h3587,0.878
h3588,0.989
h3589,1.039
h3590,1.028
h3591,0.934
h3592,0.726
h3593,0.615
h3594,0.404
h3595,0.197
h3596,0.017
h3597,0
h3598,0
h3599,0
h3600,0
h3601,0
h3602,0
h3603,0
h3604,0
h3605,0
h3606,0
h3607,0.115
h3608,0.271
h3609,0.46
h3610,0.6
h3611,0.727
h3612,0.799
h3613,0.827
h3614,0.814
h3615,0.753
h3616,0.663
h3617,0.527
h3618,0.363
h3619,0.174
h3620,0.019
h3621,0
h3622,0
h3623,0
h3624,0
h3625,0
h3626,0
h3627,0
h3628,0
h3629,0
h3630,0
h3631,0.089
h3632,0.113
h3633,0.372
h3634,0.335
h3635,0.621
h3636,0.854
h3637,0.954
h3638,0.992
h3639,0.899
h3640,0.772
h3641,0.593
h3642,0.389
h3643,0.179
h3644,0.016
h3645,0
h3646,0
h3647,0
h3648,0
h3649,0
h3650,0
h3651,0
h3652,0
h3653,0
h3654,0
h3655,0.089
h3656,0.264
h3657,0.473
h3658,0.548
h3659,0.652
h3660,0.608
h3661,0.64
h3662,0.63
h3663,0.391
h3664,0.269
h3665,0.46
h3666,0.395
h3667,0.184
h3668,0.01
h3669,0
h3670,0
h3671,0
h3672,0
h3673,0
h3674,0
h3675,0
h3676,0
h3677,0
h3678,0
h3679,0.101
h3680,0.309
h3681,0.507
h3682,0.703
h3683,0.853
h3684,0.971
h3685,1.021
h3686,1.01
h3687,0.929
h3688,0.789
h3689,0.61
h3690,0.405
h3691,0.194
h3692,0.02
h3693,0
h3694,0
h3695,0
h3696,0
h3697,0
h3698,0
h3699,0
h3700,0
h3701,0
h3702,0
h3703,0.101
h3704,0.293
h3705,0.5
h3706,0.683
h3707,0.815
h3708,0.958
h3709,0.985
h3710,1.01
h3711,0.929
h3712,0.789
h3713,0.616
h3714,0.406
h3715,0.194
h3716,0.021
h3717,0
h3718,0
h3719,0
h3720,0
h3721,0
h3722,0
h3723,0
h3724,0
h3725,0
h3726,0
h3727,0.1
h3728,0.301
h3729,0.5
h3730,0.703
h3731,0.853
h3732,0.971
h3733,1.021
h3734,1.01
h3735,0.923
h3736,0.778
h3737,0.522
h3738,0.401
h3739,0.079
h3740,0.011
h3741,0
h3742,0
h3743,0
h3744,0
h3745,0
h3746,0
h3747,0
h3748,0
h3749,0
h3750,0
h3751,0.05
h3752,0.113
h3753,0.243
h3754,0.4
h3755,0.502
h3756,0.885
h3757,0.979
h3758,0.993
h3759,0.917
h3760,0.154
h3761,0.361
h3762,0.069
h3763,0.088
h3764,0.004
h3765,0
h3766,0
h3767,0
h3768,0
h3769,0
h3770,0
h3771,0
h3772,0
h3773,0
h3774,0
h3775,0.012
h3776,0.06
h3777,0.081
h3778,0.683
h3779,0.828
h3780,0.897
h3781,0.954
h3782,0.939
h3783,0.824
h3784,0.767
h3785,0.589
h3786,0.39
h3787,0.172
h3788,0.015
h3789,0
h3790,0
h3791,0
h3792,0
h3793,0
h3794,0
h3795,0
h3796,0
h3797,0
h3798,0
h3799,0.1
h3800,0.286
h3801,0.473
h3802,0.683
h3803,0.69
h3804,0.946
h3805,1.015
h3806,1.005
h3807,0.929
h3808,0.784
h3809,0.611
h3810,0.401
h3811,0.177
h3812,0.018
h3813,0
h3814,0
h3815,0
h3816,0
h3817,0
h3818,0
h3819,0
h3820,0
h3821,0
h3822,0
h3823,0.099
h3824,0.301
h3825,0.419
h3826,0.69
h3827,0.84
h3828,0.959
h3829,1.009
h3830,1.005
h3831,0.929
h3832,0.773
h3833,0.233
h3834,0.227
h3835,0.033
h3836,0.014
h3837,0
h3838,0
h3839,0
h3840,0
h3841,0
h3842,0
h3843,0
h3844,0
h3845,0
h3846,0
h3847,0.05
h3848,0.06
h3849,0.081
h3850,0.11
h3851,0.132
h3852,0.154
h3853,1.003
h3854,0.547
h3855,0.234
h3856,0.166
h3857,0.534
h3858,0.391
h3859,0.163
h3860,0.016
h3861,0
h3862,0
h3863,0
h3864,0
h3865,0
h3866,0
h3867,0
h3868,0
h3869,0
h3870,0
h3871,0.099
h3872,0.263
h3873,0.486
h3874,0.683
h3875,0.84
h3876,0.952
h3877,1.015
h3878,1.005
h3879,0.912
h3880,0.779
h3881,0.6
h3882,0.206
h3883,0.033
h3884,0.012
h3885,0
h3886,0
h3887,0
h3888,0
h3889,0
h3890,0
h3891,0
h3892,0
h3893,0
h3894,0
h3895,0.099
h3896,0.293
h3897,0.459
h3898,0.677
h3899,0.821
h3900,0.94
h3901,1.009
h3902,0.993
h3903,0.918
h3904,0.779
h3905,0.601
h3906,0.407
h3907,0.192
h3908,0.026
h3909,0
h3910,0
h3911,0
h3912,0
h3913,0
h3914,0
h3915,0
h3916,0
h3917,0
h3918,0
h3919,0.1
h3920,0.301
h3921,0.5
h3922,0.69
h3923,0.834
h3924,0.959
h3925,1.021
h3926,1.011
h3927,0.935
h3928,0.796
h3929,0.617
h3930,0.407
h3931,0.197
h3932,0.019
h3933,0
h3934,0
h3935,0
h3936,0
h3937,0
h3938,0
h3939,0
h3940,0
h3941,0
h3942,0
h3943,0.087
h3944,0.271
h3945,0.459
h3946,0.683
h3947,0.822
h3948,0.946
h3949,1.003
h3950,0.886
h3951,0.824
h3952,0.71
h3953,0.573
h3954,0.402
h3955,0.211
h3956,0.032
h3957,0
h3958,0
h3959,0
h3960,0
h3961,0
h3962,0
h3963,0
h3964,0
h3965,0
h3966,0
h3967,0.1
h3968,0.301
h3969,0.493
h3970,0.703
h3971,0.847
h3972,0.965
h3973,1.015
h3974,1.005
h3975,0.924
h3976,0.785
h3977,0.623
h3978,0.418
h3979,0.207
h3980,0.03
h3981,0
h3982,0
h3983,0
h3984,0
h3985,0
h3986,0
h3987,0
h3988,0
h3989,0
h3990,0
h3991,0.1
h3992,0.301
h3993,0.48
h3994,0.684
h3995,0.815
h3996,0.959
h3997,0.985
h3998,1.011
h3999,0.93
h4000,0.773
h4001,0.623
h4002,0.402
h4003,0.188
h4004,0.005
h4005,0
h4006,0
h4007,0
h4008,0
h4009,0
h4010,0
h4011,0
h4012,0
h4013,0
h4014,0
h4015,0.1
h4016,0.294
h4017,0.46
h4018,0.677
h4019,0.84
h4020,0.965
h4021,1.021
h4022,1.011
h4023,0.924
h4024,0.785
h4025,0.618
h4026,0.408
h4027,0.188
h4028,0.025
h4029,0
h4030,0
h4031,0
h4032,0
h4033,0
h4034,0
h4035,0
h4036,0
h4037,0
h4038,0
h4039,0.101
h4040,0.294
h4041,0.493
h4042,0.684
h4043,0.841
h4044,0.953
h4045,1.022
h4046,1.011
h4047,0.918
h4048,0.785
h4049,0.601
h4050,0.413
h4051,0.193
h4052,0.028
h4053,0
h4054,0
h4055,0
h4056,0
h4057,0
h4058,0
h4059,0
h4060,0
h4061,0
h4062,0
h4063,0.101
h4064,0.264
h4065,0.392
h4066,0.671
h4067,0.822
h4068,0.953
h4069,1.009
h4070,1.005
h4071,0.924
h4072,0.785
h4073,0.618
h4074,0.413
h4075,0.198
h4076,0.036
h4077,0
h4078,0
h4079,0
h4080,0
h4081,0
h4082,0
h4083,0
h4084,0
h4085,0
h4086,0
h4087,0.102
h4088,0.286
h4089,0.494
h4090,0.684
h4091,0.828
h4092,0.959
h4093,1.016
h4094,1.011
h4095,0.918
h4096,0.779
h4097,0.601
h4098,0.376
h4099,0.198
h4100,0.028
h4101,0
h4102,0
h4103,0
h4104,0
h4105,0
h4106,0
h4107,0
h4108,0
h4109,0
h4110,0
h4111,0.102
h4112,0.294
h4113,0.494
h4114,0.684
h4115,0.828
h4116,0.953
h4117,0.979
h4118,0.994
h4119,0.907
h4120,0.774
h4121,0.601
h4122,0.403
h4123,0.198
h4124,0.028
h4125,0
h4126,0
h4127,0
h4128,0
h4129,0
h4130,0
h4131,0
h4132,0
h4133,0
h4134,0
h4135,0.103
h4136,0.272
h4137,0.48
h4138,0.678
h4139,0.822
h4140,0.953
h4141,1.016
h4142,1.011
h4143,0.918
h4144,0.791
h4145,0.618
h4146,0.414
h4147,0.198
h4148,0.029
h4149,0
h4150,0
h4151,0
h4152,0
h4153,0
h4154,0
h4155,0
h4156,0
h4157,0
h4158,0
h4159,0.09
h4160,0.287
h4161,0.494
h4162,0.684
h4163,0.828
h4164,0.947
h4165,1.01
h4166,1.012
h4167,0.936
h4168,0.791
h4169,0.629
h4170,0.419
h4171,0.213
h4172,0.031
h4173,0
h4174,0
h4175,0
h4176,0
h4177,0
h4178,0
h4179,0
h4180,0
h4181,0
h4182,0
h4183,0.091
h4184,0.295
h4185,0.474
h4186,0.684
h4187,0.816
h4188,0.941
h4189,0.986
h4190,1.006
h4191,0.918
h4192,0.78
h4193,0.629
h4194,0.414
h4195,0.194
h4196,0.029
h4197,0
h4198,0
h4199,0
h4200,0
h4201,0
h4202,0
h4203,0
h4204,0
h4205,0
h4206,0
h4207,0.092
h4208,0.288
h4209,0.488
h4210,0.678
h4211,0.81
h4212,0.941
h4213,1.004
h4214,0.994
h4215,0.924
h4216,0.791
h4217,0.624
h4218,0.419
h4219,0.213
h4220,0.029
h4221,0
h4222,0
h4223,0
h4224,0
h4225,0
h4226,0
h4227,0
h4228,0
h4229,0
h4230,0
h4231,0.092
h4232,0.273
h4233,0.467
h4234,0.652
h4235,0.81
h4236,0.898
h4237,0.937
h4238,0.97
h4239,0.907
h4240,0.78
h4241,0.618
h4242,0.425
h4243,0.213
h4244,0.029
h4245,0
h4246,0
h4247,0
h4248,0
h4249,0
h4250,0
h4251,0
h4252,0
h4253,0
h4254,0
h4255,0.093
h4256,0.288
h4257,0.468
h4258,0.665
h4259,0.81
h4260,0.941
h4261,1.004
h4262,0.982
h4263,0.936
h4264,0.797
h4265,0.624
h4266,0.419
h4267,0.199
h4268,0.029
h4269,0
h4270,0
h4271,0
h4272,0
h4273,0
h4274,0
h4275,0
h4276,0
h4277,0
h4278,0
h4279,0.094
h4280,0.296
h4281,0.495
h4282,0.678
h4283,0.804
h4284,0.904
h4285,0.956
h4286,0.946
h4287,0.884
h4288,0.768
h4289,0.624
h4290,0.435
h4291,0.223
h4292,0.037
h4293,0
h4294,0
h4295,0
h4296,0
h4297,0
h4298,0
h4299,0
h4300,0
h4301,0
h4302,0
h4303,0.095
h4304,0.274
h4305,0.481
h4306,0.678
h4307,0.829
h4308,0.947
h4309,0.986
h4310,1
h4311,0.895
h4312,0.797
h4313,0.63
h4314,0.43
h4315,0.218
h4316,0.032
h4317,0
h4318,0
h4319,0
h4320,0
h4321,0
h4322,0
h4323,0
h4324,0
h4325,0
h4326,0
h4327,0.096
h4328,0.274
h4329,0.475
h4330,0.653
h4331,0.798
h4332,0.935
h4333,1.01
h4334,1.006
h4335,0.93
h4336,0.78
h4337,0.596
h4338,0.425
h4339,0.213
h4340,0.032
h4341,0
h4342,0
h4343,0
h4344,0
h4345,0
h4346,0
h4347,0
h4348,0
h4349,0
h4350,0
h4351,0.083
h4352,0.267
h4353,0.468
h4354,0.672
h4355,0.314
h4356,0.948
h4357,0.514
h4358,0.899
h4359,0.89
h4360,0.774
h4361,0.58
h4362,0.313
h4363,0.19
h4364,0.024
h4365,0
h4366,0
h4367,0
h4368,0
h4369,0
h4370,0
h4371,0
h4372,0
h4373,0
h4374,0
h4375,0.042
h4376,0.145
h4377,0.428
h4378,0.562
h4379,0.132
h4380,0.898
h4381,0.974
h4382,0.988
h4383,0.913
h4384,0.78
h4385,0.596
h4386,0.388
h4387,0.156
h4388,0.026
h4389,0
h4390,0
h4391,0
h4392,0
h4393,0
h4394,0
h4395,0
h4396,0
h4397,0
h4398,0
h4399,0.085
h4400,0.267
h4401,0.462
h4402,0.64
h4403,0.804
h4404,0.911
h4405,0.962
h4406,0.976
h4407,0.919
h4408,0.78
h4409,0.602
h4410,0.207
h4411,0.199
h4412,0.026
h4413,0
h4414,0
h4415,0
h4416,0
h4417,0
h4418,0
h4419,0
h4420,0
h4421,0
h4422,0
h4423,0.086
h4424,0.252
h4425,0.462
h4426,0.64
h4427,0.817
h4428,0.923
h4429,0.992
h4430,0.994
h4431,0.913
h4432,0.774
h4433,0.619
h4434,0.409
h4435,0.208
h4436,0.034
h4437,0
h4438,0
h4439,0
h4440,0
h4441,0
h4442,0
h4443,0
h4444,0
h4445,0
h4446,0
h4447,0.087
h4448,0.268
h4449,0.469
h4450,0.666
h4451,0.817
h4452,0.936
h4453,0.968
h4454,1
h4455,0.919
h4456,0.774
h4457,0.607
h4458,0.419
h4459,0.208
h4460,0.026
h4461,0
h4462,0
h4463,0
h4464,0
h4465,0
h4466,0
h4467,0
h4468,0
h4469,0
h4470,0
h4471,0.074
h4472,0.261
h4473,0.469
h4474,0.479
h4475,0.779
h4476,0.899
h4477,0.889
h4478,0.994
h4479,0.919
h4480,0.78
h4481,0.624
h4482,0.382
h4483,0.208
h4484,0.034
h4485,0
h4486,0
h4487,0
h4488,0
h4489,0
h4490,0
h4491,0
h4492,0
h4493,0
h4494,0
h4495,0.075
h4496,0.269
h4497,0.272
h4498,0.142
h4499,0.817
h4500,0.93
h4501,0.992
h4502,0.994
h4503,0.913
h4504,0.786
h4505,0.619
h4506,0.403
h4507,0.047
h4508,0.023
h4509,0
h4510,0
h4511,0
h4512,0
h4513,0
h4514,0
h4515,0
h4516,0
h4517,0
h4518,0
h4519,0.076
h4520,0.262
h4521,0.47
h4522,0.641
h4523,0.773
h4524,0.88
h4525,0.968
h4526,0.953
h4527,0.896
h4528,0.78
h4529,0.619
h4530,0.409
h4531,0.208
h4532,0.026
h4533,0
h4534,0
h4535,0
h4536,0
h4537,0
h4538,0
h4539,0
h4540,0
h4541,0
h4542,0
h4543,0.078
h4544,0.092
h4545,0.075
h4546,0.123
h4547,0.71
h4548,0.917
h4549,1.005
h4550,0.994
h4551,0.925
h4552,0.786
h4553,0.624
h4554,0.419
h4555,0.222
h4556,0.036
h4557,0
h4558,0
h4559,0
h4560,0
h4561,0
h4562,0
h4563,0
h4564,0
h4565,0
h4566,0
h4567,0.079
h4568,0.255
h4569,0.382
h4570,0.479
h4571,0.786
h4572,0.917
h4573,0.999
h4574,0.994
h4575,0.919
h4576,0.774
h4577,0.607
h4578,0.387
h4579,0.094
h4580,0.036
h4581,0
h4582,0
h4583,0
h4584,0
h4585,0
h4586,0
h4587,0
h4588,0
h4589,0
h4590,0
h4591,0.081
h4592,0.263
h4593,0.464
h4594,0.654
h4595,0.817
h4596,0.942
h4597,0.999
h4598,0.994
h4599,0.925
h4600,0.78
h4601,0.618
h4602,0.414
h4603,0.193
h4604,0.03
h4605,0
h4606,0
h4607,0
h4608,0
h4609,0
h4610,0
h4611,0
h4612,0
h4613,0
h4614,0
h4615,0.066
h4616,0.194
h4617,0.437
h4618,0.479
h4619,0.591
h4620,0.659
h4621,0.696
h4622,0.691
h4623,0.65
h4624,0.562
h4625,0.462
h4626,0.318
h4627,0.174
h4628,0.025
h4629,0
h4630,0
h4631,0
h4632,0
h4633,0
h4634,0
h4635,0
h4636,0
h4637,0
h4638,0
h4639,0.067
h4640,0.264
h4641,0.444
h4642,0.629
h4643,0.799
h4644,0.727
h4645,0.605
h4646,0.828
h4647,0.322
h4648,0.126
h4649,0.156
h4650,0.419
h4651,0.193
h4652,0.022
h4653,0
h4654,0
h4655,0
h4656,0
h4657,0
h4658,0
h4659,0
h4660,0
h4661,0
h4662,0
h4663,0.069
h4664,0.264
h4665,0.464
h4666,0.648
h4667,0.818
h4668,0.93
h4669,0.987
h4670,0.995
h4671,0.901
h4672,0.785
h4673,0.607
h4674,0.419
h4675,0.198
h4676,0.025
h4677,0
h4678,0
h4679,0
h4680,0
h4681,0
h4682,0
h4683,0
h4684,0
h4685,0
h4686,0
h4687,0.018
h4688,0.171
h4689,0.458
h4690,0.642
h4691,0.786
h4692,0.918
h4693,0.975
h4694,0.989
h4695,0.726
h4696,0.631
h4697,0.512
h4698,0.355
h4699,0.183
h4700,0.024
h4701,0
h4702,0
h4703,0
h4704,0
h4705,0
h4706,0
h4707,0
h4708,0
h4709,0
h4710,0
h4711,0.073
h4712,0.25
h4713,0.451
h4714,0.649
h4715,0.799
h4716,0.869
h4717,0.932
h4718,0.983
h4719,0.878
h4720,0.751
h4721,0.607
h4722,0.418
h4723,0.211
h4724,0.024
h4725,0
h4726,0
h4727,0
h4728,0
h4729,0
h4730,0
h4731,0
h4732,0
h4733,0
h4734,0
h4735,0
h4736,0.156
h4737,0.144
h4738,0.285
h4739,0.799
h4740,0.899
h4741,0.896
h4742,0.977
h4743,0.749
h4744,0.768
h4745,0.618
h4746,0.418
h4747,0.211
h4748,0.029
h4749,0
h4750,0
h4751,0
h4752,0
h4753,0
h4754,0
h4755,0
h4756,0
h4757,0
h4758,0
h4759,0
h4760,0.227
h4761,0.438
h4762,0.642
h4763,0.799
h4764,0.93
h4765,0.975
h4766,0.953
h4767,0.778
h4768,0.768
h4769,0.579
h4770,0.423
h4771,0.15
h4772,0.019
h4773,0
h4774,0
h4775,0
h4776,0
h4777,0
h4778,0
h4779,0
h4780,0
h4781,0
h4782,0
h4783,0
h4784,0.196
h4785,0.26
h4786,0.578
h4787,0.806
h4788,0.9
h4789,0.975
h4790,0.947
h4791,0.796
h4792,0.762
h4793,0.623
h4794,0.418
h4795,0.21
h4796,0.028
h4797,0
h4798,0
h4799,0
h4800,0
h4801,0
h4802,0
h4803,0
h4804,0
h4805,0
h4806,0
h4807,0
h4808,0.252
h4809,0.459
h4810,0.649
h4811,0.806
h4812,0.912
h4813,0.969
h4814,0.983
h4815,0.907
h4816,0.756
h4817,0.623
h4818,0.418
h4819,0.21
h4820,0.023
h4821,0
h4822,0
h4823,0
h4824,0
h4825,0
h4826,0
h4827,0
h4828,0
h4829,0
h4830,0
h4831,0
h4832,0.126
h4833,0.302
h4834,0.286
h4835,0.623
h4836,0.77
h4837,0.733
h4838,0.798
h4839,0.404
h4840,0.269
h4841,0.178
h4842,0.1
h4843,0.144
h4844,0.02
h4845,0
h4846,0
h4847,0
h4848,0
h4849,0
h4850,0
h4851,0
h4852,0
h4853,0
h4854,0
h4855,0
h4856,0.245
h4857,0.288
h4858,0.5
h4859,0.724
h4860,0.777
h4861,0.957
h4862,0.995
h4863,0.866
h4864,0.476
h4865,0.595
h4866,0.412
h4867,0.205
h4868,0.009
h4869,0
h4870,0
h4871,0
h4872,0
h4873,0
h4874,0
h4875,0
h4876,0
h4877,0
h4878,0
h4879,0
h4880,0.246
h4881,0.446
h4882,0.637
h4883,0.787
h4884,0.894
h4885,0.497
h4886,0.959
h4887,0.878
h4888,0.539
h4889,0.595
h4890,0.401
h4891,0.195
h4892,0.017
h4893,0
h4894,0
h4895,0
h4896,0
h4897,0
h4898,0
h4899,0
h4900,0
h4901,0
h4902,0
h4903,0
h4904,0.247
h4905,0.447
h4906,0.643
h4907,0.8
h4908,0.912
h4909,0.987
h4910,0.971
h4911,0.907
h4912,0.762
h4913,0.595
h4914,0.401
h4915,0.195
h4916,0.021
h4917,0
h4918,0
h4919,0
h4920,0
h4921,0
h4922,0
h4923,0
h4924,0
h4925,0
h4926,0
h4927,0
h4928,0.239
h4929,0.447
h4930,0.618
h4931,0.8
h4932,0.918
h4933,0.969
h4934,0.977
h4935,0.913
h4936,0.785
h4937,0.6
h4938,0.401
h4939,0.194
h4940,0.02
h4941,0
h4942,0
h4943,0
h4944,0
h4945,0
h4946,0
h4947,0
h4948,0
h4949,0
h4950,0
h4951,0
h4952,0.248
h4953,0.461
h4954,0.657
h4955,0.813
h4956,0.919
h4957,0.969
h4958,0.965
h4959,0.901
h4960,0.756
h4961,0.578
h4962,0.322
h4963,0.065
h4964,0.012
h4965,0
h4966,0
h4967,0
h4968,0
h4969,0
h4970,0
h4971,0
h4972,0
h4973,0
h4974,0
h4975,0
h4976,0.224
h4977,0.22
h4978,0.182
h4979,0.315
h4980,0.284
h4981,0.388
h4982,0.607
h4983,0.38
h4984,0.246
h4985,0.256
h4986,0.1
h4987,0.069
h4988,0.004
h4989,0
h4990,0
h4991,0
h4992,0
h4993,0
h4994,0
h4995,0
h4996,0
h4997,0
h4998,0
h4999,0
h5000,0.04
h5001,0.117
h5002,0.189
h5003,0.126
h5004,0.216
h5005,0.212
h5006,0.197
h5007,0.193
h5008,0.206
h5009,0.217
h5010,0.116
h5011,0.032
h5012,0.011
h5013,0
h5014,0
h5015,0
h5016,0
h5017,0
h5018,0
h5019,0
h5020,0
h5021,0
h5022,0
h5023,0
h5024,0.097
h5025,0.186
h5026,0.169
h5027,0.24
h5028,0.592
h5029,0.83
h5030,0.768
h5031,0.796
h5032,0.281
h5033,0.294
h5034,0.352
h5035,0.032
h5036,0.012
h5037,0
h5038,0
h5039,0
h5040,0
h5041,0
h5042,0
h5043,0
h5044,0
h5045,0
h5046,0
h5047,0
h5048,0.089
h5049,0.255
h5050,0.632
h5051,0.782
h5052,0.906
h5053,0.969
h5054,0.959
h5055,0.901
h5056,0.756
h5057,0.588
h5058,0.399
h5059,0.178
h5060,0.01
h5061,0
h5062,0
h5063,0
h5064,0
h5065,0
h5066,0
h5067,0
h5068,0
h5069,0
h5070,0
h5071,0
h5072,0.235
h5073,0.442
h5074,0.625
h5075,0.801
h5076,0.913
h5077,0.624
h5078,0.976
h5079,0.901
h5080,0.744
h5081,0.583
h5082,0.389
h5083,0.169
h5084,0.01
h5085,0
h5086,0
h5087,0
h5088,0
h5089,0
h5090,0
h5091,0
h5092,0
h5093,0
h5094,0
h5095,0
h5096,0.228
h5097,0.435
h5098,0.619
h5099,0.795
h5100,0.907
h5101,0.975
h5102,0.953
h5103,0.819
h5104,0.744
h5105,0.555
h5106,0.367
h5107,0.163
h5108,0.008
h5109,0
h5110,0
h5111,0
h5112,0
h5113,0
h5114,0
h5115,0
h5116,0
h5117,0
h5118,0
h5119,0
h5120,0.22
h5121,0.429
h5122,0.632
h5123,0.788
h5124,0.919
h5125,0.981
h5126,0.965
h5127,0.9
h5128,0.767
h5129,0.571
h5130,0.377
h5131,0.113
h5132,0.006
h5133,0
h5134,0
h5135,0
h5136,0
h5137,0
h5138,0
h5139,0
h5140,0
h5141,0
h5142,0
h5143,0
h5144,0.221
h5145,0.422
h5146,0.626
h5147,0.782
h5148,0.919
h5149,0.975
h5150,0.839
h5151,0.906
h5152,0.755
h5153,0.576
h5154,0.377
h5155,0.063
h5156,0.003
h5157,0
h5158,0
h5159,0
h5160,0
h5161,0
h5162,0
h5163,0
h5164,0
h5165,0
h5166,0
h5167,0
h5168,0.115
h5169,0.339
h5170,0.626
h5171,0.789
h5172,0.919
h5173,0.951
h5174,0.976
h5175,0.14
h5176,0.658
h5177,0.133
h5178,0.11
h5179,0.058
h5180,0.005
h5181,0
h5182,0
h5183,0
h5184,0
h5185,0
h5186,0
h5187,0
h5188,0
h5189,0
h5190,0
h5191,0
h5192,0.107
h5193,0.277
h5194,0.613
h5195,0.763
h5196,0.851
h5197,0.951
h5198,0.405
h5199,0.509
h5200,0.675
h5201,0.105
h5202,0.183
h5203,0.063
h5204,0.004
h5205,0
h5206,0
h5207,0
h5208,0
h5209,0
h5210,0
h5211,0
h5212,0
h5213,0
h5214,0
h5215,0
h5216,0.132
h5217,0.416
h5218,0.626
h5219,0.713
h5220,0.672
h5221,0.811
h5222,0.923
h5223,0.234
h5224,0.257
h5225,0.255
h5226,0.371
h5227,0.129
h5228,0.004
h5229,0
h5230,0
h5231,0
h5232,0
h5233,0
h5234,0
h5235,0
h5236,0
h5237,0
h5238,0
h5239,0
h5240,0.224
h5241,0.333
h5242,0.457
h5243,0.783
h5244,0.913
h5245,0.963
h5246,0.976
h5247,0.59
h5248,0.469
h5249,0.393
h5250,0.36
h5251,0.133
h5252,0.002
h5253,0
h5254,0
h5255,0
h5256,0
h5257,0
h5258,0
h5259,0
h5260,0
h5261,0
h5262,0
h5263,0
h5264,0.183
h5265,0.32
h5266,0.594
h5267,0.745
h5268,0.907
h5269,0.981
h5270,0.792
h5271,0.841
h5272,0.72
h5273,0.238
h5274,0.25
h5275,0.053
h5276,0.001
h5277,0
h5278,0
h5279,0
h5280,0
h5281,0
h5282,0
h5283,0
h5284,0
h5285,0
h5286,0
h5287,0
h5288,0.217
h5289,0.424
h5290,0.62
h5291,0.783
h5292,0.901
h5293,0.963
h5294,0.928
h5295,0.602
h5296,0.657
h5297,0.094
h5298,0.161
h5299,0.106
h5300,0.002
h5301,0
h5302,0
h5303,0
h5304,0
h5305,0
h5306,0
h5307,0
h5308,0
h5309,0
h5310,0
h5311,0
h5312,0.218
h5313,0.418
h5314,0.621
h5315,0.783
h5316,0.913
h5317,0.975
h5318,0.97
h5319,0.894
h5320,0.754
h5321,0.326
h5322,0.25
h5323,0.048
h5324,0.001
h5325,0
h5326,0
h5327,0
h5328,0
h5329,0
h5330,0
h5331,0
h5332,0
h5333,0
h5334,0
h5335,0
h5336,0.201
h5337,0.355
h5338,0.614
h5339,0.783
h5340,0.907
h5341,0.975
h5342,0.857
h5343,0.894
h5344,0.754
h5345,0.58
h5346,0.369
h5347,0.157
h5348,0.003
h5349,0
h5350,0
h5351,0
h5352,0
h5353,0
h5354,0
h5355,0
h5356,0
h5357,0
h5358,0
h5359,0
h5360,0.076
h5361,0.23
h5362,0.523
h5363,0.777
h5364,0.858
h5365,0.872
h5366,0.857
h5367,0.882
h5368,0.656
h5369,0.419
h5370,0.057
h5371,0.035
h5372,0.001
h5373,0
h5374,0
h5375,0
h5376,0
h5377,0
h5378,0
h5379,0
h5380,0
h5381,0
h5382,0
h5383,0
h5384,0.144
h5385,0.112
h5386,0.503
h5387,0.758
h5388,0.876
h5389,0.926
h5390,0.196
h5391,0.163
h5392,0.12
h5393,0.088
h5394,0.057
h5395,0.035
h5396,0
h5397,0
h5398,0
h5399,0
h5400,0
h5401,0
h5402,0
h5403,0
h5404,0
h5405,0
h5406,0
h5407,0.004
h5408,0.068
h5409,0.202
h5410,0.432
h5411,0.644
h5412,0.808
h5413,0.739
h5414,0.149
h5415,0.14
h5416,0.297
h5417,0.088
h5418,0.057
h5419,0.021
h5420,0
h5421,0
h5422,0
h5423,0
h5424,0
h5425,0
h5426,0
h5427,0
h5428,0
h5429,0
h5430,0
h5431,0.007
h5432,0.119
h5433,0.063
h5434,0.098
h5435,0.227
h5436,0.185
h5437,0.151
h5438,0.167
h5439,0.269
h5440,0.12
h5441,0.088
h5442,0.243
h5443,0.119
h5444,0
h5445,0
h5446,0
h5447,0
h5448,0
h5449,0
h5450,0
h5451,0
h5452,0
h5453,0
h5454,0
h5455,0.011
h5456,0.205
h5457,0.301
h5458,0.196
h5459,0.322
h5460,0.586
h5461,0.823
h5462,0.886
h5463,0.829
h5464,0.741
h5465,0.424
h5466,0.309
h5467,0.14
h5468,0
h5469,0
h5470,0
h5471,0
h5472,0
h5473,0
h5474,0
h5475,0
h5476,0
h5477,0
h5478,0
h5479,0.01
h5480,0.206
h5481,0.392
h5482,0.609
h5483,0.771
h5484,0.895
h5485,0.963
h5486,0.94
h5487,0.881
h5488,0.735
h5489,0.561
h5490,0.355
h5491,0.143
h5492,0
h5493,0
h5494,0
h5495,0
h5496,0
h5497,0
h5498,0
h5499,0
h5500,0
h5501,0
h5502,0
h5503,0.01
h5504,0.207
h5505,0.413
h5506,0.609
h5507,0.771
h5508,0.901
h5509,0.963
h5510,0.957
h5511,0.875
h5512,0.735
h5513,0.555
h5514,0.35
h5515,0.13
h5516,0
h5517,0
h5518,0
h5519,0
h5520,0
h5521,0
h5522,0
h5523,0
h5524,0
h5525,0
h5526,0
h5527,0.009
h5528,0.208
h5529,0.414
h5530,0.609
h5531,0.771
h5532,0.895
h5533,0.963
h5534,0.957
h5535,0.875
h5536,0.735
h5537,0.555
h5538,0.349
h5539,0.137
h5540,0
h5541,0
h5542,0
h5543,0
h5544,0
h5545,0
h5546,0
h5547,0
h5548,0
h5549,0
h5550,0
h5551,0.008
h5552,0.191
h5553,0.351
h5554,0.609
h5555,0.759
h5556,0.889
h5557,0.963
h5558,0.951
h5559,0.869
h5560,0.712
h5561,0.544
h5562,0.343
h5563,0.107
h5564,0
h5565,0
h5566,0
h5567,0
h5568,0
h5569,0
h5570,0
h5571,0
h5572,0
h5573,0
h5574,0
h5575,0.007
h5576,0.192
h5577,0.4
h5578,0.564
h5579,0.752
h5580,0.852
h5581,0.944
h5582,0.945
h5583,0.869
h5584,0.723
h5585,0.549
h5586,0.343
h5587,0.127
h5588,0
h5589,0
h5590,0
h5591,0
h5592,0
h5593,0
h5594,0
h5595,0
h5596,0
h5597,0
h5598,0
h5599,0.007
h5600,0.202
h5601,0.394
h5602,0.583
h5603,0.752
h5604,0.87
h5605,0.775
h5606,0.678
h5607,0.799
h5608,0.677
h5609,0.526
h5610,0.337
h5611,0.113
h5612,0
h5613,0
h5614,0
h5615,0
h5616,0
h5617,0
h5618,0
h5619,0
h5620,0
h5621,0
h5622,0
h5623,0.006
h5624,0.202
h5625,0.408
h5626,0.597
h5627,0.752
h5628,0.87
h5629,0.95
h5630,0.939
h5631,0.833
h5632,0.717
h5633,0.532
h5634,0.326
h5635,0.112
h5636,0
h5637,0
h5638,0
h5639,0
h5640,0
h5641,0
h5642,0
h5643,0
h5644,0
h5645,0
h5646,0
h5647,0.005
h5648,0.194
h5649,0.394
h5650,0.59
h5651,0.746
h5652,0.87
h5653,0.932
h5654,0.672
h5655,0.804
h5656,0.665
h5657,0.52
h5658,0.325
h5659,0.111
h5660,0
h5661,0
h5662,0
h5663,0
h5664,0
h5665,0
h5666,0
h5667,0
h5668,0
h5669,0
h5670,0
h5671,0.005
h5672,0.195
h5673,0.402
h5674,0.59
h5675,0.753
h5676,0.87
h5677,0.944
h5678,0.939
h5679,0.856
h5680,0.534
h5681,0.432
h5682,0.32
h5683,0.106
h5684,0
h5685,0
h5686,0
h5687,0
h5688,0
h5689,0
h5690,0
h5691,0
h5692,0
h5693,0
h5694,0
h5695,0.004
h5696,0.196
h5697,0.395
h5698,0.597
h5699,0.772
h5700,0.883
h5701,0.95
h5702,0.939
h5703,0.856
h5704,0.71
h5705,0.53
h5706,0.319
h5707,0.105
h5708,0
h5709,0
h5710,0
h5711,0
h5712,0
h5713,0
h5714,0
h5715,0
h5716,0
h5717,0
h5718,0
h5719,0.004
h5720,0.188
h5721,0.381
h5722,0.578
h5723,0.721
h5724,0.846
h5725,0.944
h5726,0.737
h5727,0.844
h5728,0.704
h5729,0.53
h5730,0.313
h5731,0.1
h5732,0
h5733,0
h5734,0
h5735,0
h5736,0
h5737,0
h5738,0
h5739,0
h5740,0
h5741,0
h5742,0
h5743,0
h5744,0.027
h5745,0.085
h5746,0.177
h5747,0.247
h5748,0.883
h5749,0.944
h5750,0.933
h5751,0.844
h5752,0.704
h5753,0.519
h5754,0.308
h5755,0.046
h5756,0
h5757,0
h5758,0
h5759,0
h5760,0
h5761,0
h5762,0
h5763,0
h5764,0
h5765,0
h5766,0
h5767,0.003
h5768,0.163
h5769,0.396
h5770,0.585
h5771,0.683
h5772,0.29
h5773,0.557
h5774,0.624
h5775,0.809
h5776,0.681
h5777,0.295
h5778,0.206
h5779,0.086
h5780,0
h5781,0
h5782,0
h5783,0
h5784,0
h5785,0
h5786,0
h5787,0
h5788,0
h5789,0
h5790,0
h5791,0.003
h5792,0.191
h5793,0.396
h5794,0.585
h5795,0.74
h5796,0.846
h5797,0.926
h5798,0.92
h5799,0.832
h5800,0.692
h5801,0.518
h5802,0.306
h5803,0.093
h5804,0
h5805,0
h5806,0
h5807,0
h5808,0
h5809,0
h5810,0
h5811,0
h5812,0
h5813,0
h5814,0
h5815,0.002
h5816,0.174
h5817,0.376
h5818,0.572
h5819,0.709
h5820,0.864
h5821,0.938
h5822,0.92
h5823,0.838
h5824,0.692
h5825,0.512
h5826,0.295
h5827,0.091
h5828,0
h5829,0
h5830,0
h5831,0
h5832,0
h5833,0
h5834,0
h5835,0
h5836,0
h5837,0
h5838,0
h5839,0.002
h5840,0.184
h5841,0.397
h5842,0.598
h5843,0.753
h5844,0.889
h5845,0.944
h5846,0.819
h5847,0.849
h5848,0.703
h5849,0.522
h5850,0.295
h5851,0.086
h5852,0
h5853,0
h5854,0
h5855,0
h5856,0
h5857,0
h5858,0
h5859,0
h5860,0
h5861,0
h5862,0
h5863,0.001
h5864,0.175
h5865,0.398
h5866,0.599
h5867,0.69
h5868,0.784
h5869,0.901
h5870,0.896
h5871,0.791
h5872,0.708
h5873,0.467
h5874,0.179
h5875,0.078
h5876,0
h5877,0
h5878,0
h5879,0
h5880,0
h5881,0
h5882,0
h5883,0
h5884,0
h5885,0
h5886,0
h5887,0.001
h5888,0.176
h5889,0.391
h5890,0.566
h5891,0.487
h5892,0.71
h5893,0.635
h5894,0.605
h5895,0.767
h5896,0.538
h5897,0.25
h5898,0.124
h5899,0.052
h5900,0
h5901,0
h5902,0
h5903,0
h5904,0
h5905,0
h5906,0
h5907,0
h5908,0
h5909,0
h5910,0
h5911,0.001
h5912,0.159
h5913,0.391
h5914,0.579
h5915,0.747
h5916,0.796
h5917,0.907
h5918,0.807
h5919,0.227
h5920,0.311
h5921,0.499
h5922,0.124
h5923,0.014
h5924,0
h5925,0
h5926,0
h5927,0
h5928,0
h5929,0
h5930,0
h5931,0
h5932,0
h5933,0
h5934,0
h5935,0
h5936,0.094
h5937,0.256
h5938,0.586
h5939,0.671
h5940,0.556
h5941,0.889
h5942,0.89
h5943,0.784
h5944,0.351
h5945,0.249
h5946,0.094
h5947,0.054
h5948,0
h5949,0
h5950,0
h5951,0
h5952,0
h5953,0
h5954,0
h5955,0
h5956,0
h5957,0
h5958,0
h5959,0
h5960,0.161
h5961,0.385
h5962,0.593
h5963,0.747
h5964,0.87
h5965,0.889
h5966,0.599
h5967,0.807
h5968,0.661
h5969,0.482
h5970,0.266
h5971,0.066
h5972,0
h5973,0
h5974,0
h5975,0
h5976,0
h5977,0
h5978,0
h5979,0
h5980,0
h5981,0
h5982,0
h5983,0
h5984,0.18
h5985,0.385
h5986,0.586
h5987,0.735
h5988,0.858
h5989,0.895
h5990,0.896
h5991,0.662
h5992,0.644
h5993,0.492
h5994,0.241
h5995,0.013
h5996,0
h5997,0
h5998,0
h5999,0
h6000,0
h6001,0
h6002,0
h6003,0
h6004,0
h6005,0
h6006,0
h6007,0
h6008,0.172
h6009,0.386
h6010,0.593
h6011,0.754
h6012,0.858
h6013,0.877
h6014,0.463
h6015,0.702
h6016,0.463
h6017,0.243
h6018,0.225
h6019,0.05
h6020,0
h6021,0
h6022,0
h6023,0
h6024,0
h6025,0
h6026,0
h6027,0
h6028,0
h6029,0
h6030,0
h6031,0
h6032,0.163
h6033,0.386
h6034,0.567
h6035,0.728
h6036,0.833
h6037,0.423
h6038,0.883
h6039,0.783
h6040,0.649
h6041,0.264
h6042,0.073
h6043,0.052
h6044,0
h6045,0
h6046,0
h6047,0
h6048,0
h6049,0
h6050,0
h6051,0
h6052,0
h6053,0
h6054,0
h6055,0
h6056,0.164
h6057,0.379
h6058,0.58
h6059,0.716
h6060,0.833
h6061,0.895
h6062,0.883
h6063,0.806
h6064,0.666
h6065,0.48
h6066,0.238
h6067,0.027
h6068,0
h6069,0
h6070,0
h6071,0
h6072,0
h6073,0
h6074,0
h6075,0
h6076,0
h6077,0
h6078,0
h6079,0
h6080,0.127
h6081,0.129
h6082,0.547
h6083,0.703
h6084,0.753
h6085,0.84
h6086,0.883
h6087,0.609
h6088,0.248
h6089,0.371
h6090,0.082
h6091,0.035
h6092,0
h6093,0
h6094,0
h6095,0
h6096,0
h6097,0
h6098,0
h6099,0
h6100,0
h6101,0
h6102,0
h6103,0
h6104,0.157
h6105,0.301
h6106,0.501
h6107,0.653
h6108,0.858
h6109,0.901
h6110,0.901
h6111,0.783
h6112,0.642
h6113,0.473
h6114,0.261
h6115,0.008
h6116,0
h6117,0
h6118,0
h6119,0
h6120,0
h6121,0
h6122,0
h6123,0
h6124,0
h6125,0
h6126,0
h6127,0
h6128,0.168
h6129,0.381
h6130,0.581
h6131,0.729
h6132,0.839
h6133,0.907
h6134,0.895
h6135,0.806
h6136,0.614
h6137,0.075
h6138,0.159
h6139,0.041
h6140,0
h6141,0
h6142,0
h6143,0
h6144,0
h6145,0
h6146,0
h6147,0
h6148,0
h6149,0
h6150,0
h6151,0
h6152,0.159
h6153,0.374
h6154,0.561
h6155,0.704
h6156,0.5
h6157,0.907
h6158,0.883
h6159,0.585
h6160,0.174
h6161,0.29
h6162,0.077
h6163,0.008
h6164,0
h6165,0
h6166,0
h6167,0
h6168,0
h6169,0
h6170,0
h6171,0
h6172,0
h6173,0
h6174,0
h6175,0
h6176,0.14
h6177,0.374
h6178,0.561
h6179,0.697
h6180,0.833
h6181,0.882
h6182,0.883
h6183,0.765
h6184,0.63
h6185,0.455
h6186,0.238
h6187,0.035
h6188,0
h6189,0
h6190,0
h6191,0
h6192,0
h6193,0
h6194,0
h6195,0
h6196,0
h6197,0
h6198,0
h6199,0
h6200,0.121
h6201,0.202
h6202,0.112
h6203,0.209
h6204,0.389
h6205,0.52
h6206,0.539
h6207,0.498
h6208,0.646
h6209,0.401
h6210,0.228
h6211,0.029
h6212,0
h6213,0
h6214,0
h6215,0
h6216,0
h6217,0
h6218,0
h6219,0
h6220,0
h6221,0
h6222,0
h6223,0
h6224,0.163
h6225,0.361
h6226,0.562
h6227,0.742
h6228,0.846
h6229,0.876
h6230,0.864
h6231,0.787
h6232,0.635
h6233,0.443
h6234,0.236
h6235,0.034
h6236,0
h6237,0
h6238,0
h6239,0
h6240,0
h6241,0
h6242,0
h6243,0
h6244,0
h6245,0
h6246,0
h6247,0
h6248,0.133
h6249,0.354
h6250,0.522
h6251,0.691
h6252,0.802
h6253,0.864
h6254,0.852
h6255,0.764
h6256,0.618
h6257,0.448
h6258,0.226
h6259,0.026
h6260,0
h6261,0
h6262,0
h6263,0
h6264,0
h6265,0
h6266,0
h6267,0
h6268,0
h6269,0
h6270,0
h6271,0
h6272,0.145
h6273,0.333
h6274,0.529
h6275,0.66
h6276,0.809
h6277,0.876
h6278,0.84
h6279,0.764
h6280,0.623
h6281,0.442
h6282,0.225
h6283,0.025
h6284,0
h6285,0
h6286,0
h6287,0
h6288,0
h6289,0
h6290,0
h6291,0
h6292,0
h6293,0
h6294,0
h6295,0
h6296,0.146
h6297,0.355
h6298,0.536
h6299,0.672
h6300,0.815
h6301,0.87
h6302,0.846
h6303,0.769
h6304,0.617
h6305,0.436
h6306,0.219
h6307,0.019
h6308,0
h6309,0
h6310,0
h6311,0
h6312,0
h6313,0
h6314,0
h6315,0
h6316,0
h6317,0
h6318,0
h6319,0
h6320,0.147
h6321,0.355
h6322,0.536
h6323,0.666
h6324,0.802
h6325,0.858
h6326,0.846
h6327,0.763
h6328,0.605
h6329,0.43
h6330,0.213
h6331,0.02
h6332,0
h6333,0
h6334,0
h6335,0
h6336,0
h6337,0
h6338,0
h6339,0
h6340,0
h6341,0
h6342,0
h6343,0
h6344,0.159
h6345,0.363
h6346,0.543
h6347,0.672
h6348,0.778
h6349,0.827
h6350,0.852
h6351,0.728
h6352,0.588
h6353,0.414
h6354,0.208
h6355,0.017
h6356,0
h6357,0
h6358,0
h6359,0
h6360,0
h6361,0
h6362,0
h6363,0
h6364,0
h6365,0
h6366,0
h6367,0
h6368,0.139
h6369,0.363
h6370,0.543
h6371,0.685
h6372,0.79
h6373,0.845
h6374,0.852
h6375,0.711
h6376,0.571
h6377,0.413
h6378,0.179
h6379,0.012
h6380,0
h6381,0
h6382,0
h6383,0
h6384,0
h6385,0
h6386,0
h6387,0
h6388,0
h6389,0
h6390,0
h6391,0
h6392,0.14
h6393,0.327
h6394,0.524
h6395,0.673
h6396,0.79
h6397,0.833
h6398,0.828
h6399,0.716
h6400,0.598
h6401,0.386
h6402,0.183
h6403,0.011
h6404,0
h6405,0
h6406,0
h6407,0
h6408,0
h6409,0
h6410,0
h6411,0
h6412,0
h6413,0
h6414,0
h6415,0
h6416,0.131
h6417,0.335
h6418,0.524
h6419,0.666
h6420,0.79
h6421,0.851
h6422,0.834
h6423,0.739
h6424,0.587
h6425,0.401
h6426,0.186
h6427,0.009
h6428,0
h6429,0
h6430,0
h6431,0
h6432,0
h6433,0
h6434,0
h6435,0
h6436,0
h6437,0
h6438,0
h6439,0
h6440,0.143
h6441,0.328
h6442,0.517
h6443,0.635
h6444,0.753
h6445,0.809
h6446,0.816
h6447,0.277
h6448,0.441
h6449,0.406
h6450,0.176
h6451,0.005
h6452,0
h6453,0
h6454,0
h6455,0
h6456,0
h6457,0
h6458,0
h6459,0
h6460,0
h6461,0
h6462,0
h6463,0
h6464,0.134
h6465,0.329
h6466,0.504
h6467,0.609
h6468,0.765
h6469,0.827
h6470,0.792
h6471,0.721
h6472,0.575
h6473,0.384
h6474,0.175
h6475,0.007
h6476,0
h6477,0
h6478,0
h6479,0
h6480,0
h6481,0
h6482,0
h6483,0
h6484,0
h6485,0
h6486,0
h6487,0
h6488,0.135
h6489,0.337
h6490,0.511
h6491,0.622
h6492,0.753
h6493,0.821
h6494,0.786
h6495,0.704
h6496,0.574
h6497,0.378
h6498,0.169
h6499,0.004
h6500,0
h6501,0
h6502,0
h6503,0
h6504,0
h6505,0
h6506,0
h6507,0
h6508,0
h6509,0
h6510,0
h6511,0
h6512,0.045
h6513,0.088
h6514,0.173
h6515,0.203
h6516,0.346
h6517,0.501
h6518,0.797
h6519,0.715
h6520,0.563
h6521,0.383
h6522,0.164
h6523,0.003
h6524,0
h6525,0
h6526,0
h6527,0
h6528,0
h6529,0
h6530,0
h6531,0
h6532,0
h6533,0
h6534,0
h6535,0
h6536,0.115
h6537,0.323
h6538,0.498
h6539,0.635
h6540,0.321
h6541,0.658
h6542,0.449
h6543,0.692
h6544,0.557
h6545,0.22
h6546,0.053
h6547,0.002
h6548,0
h6549,0
h6550,0
h6551,0
h6552,0
h6553,0
h6554,0
h6555,0
h6556,0
h6557,0
h6558,0
h6559,0
h6560,0.14
h6561,0.346
h6562,0.538
h6563,0.686
h6564,0.778
h6565,0.839
h6566,0.833
h6567,0.732
h6568,0.584
h6569,0.392
h6570,0.17
h6571,0.001
h6572,0
h6573,0
h6574,0
h6575,0
h6576,0
h6577,0
h6578,0
h6579,0
h6580,0
h6581,0
h6582,0
h6583,0
h6584,0.106
h6585,0.353
h6586,0.392
h6587,0.559
h6588,0.642
h6589,0.688
h6590,0.708
h6591,0.622
h6592,0.428
h6593,0.381
h6594,0.174
h6595,0.001
h6596,0
h6597,0
h6598,0
h6599,0
h6600,0
h6601,0
h6602,0
h6603,0
h6604,0
h6605,0
h6606,0
h6607,0
h6608,0.036
h6609,0.103
h6610,0.266
h6611,0.458
h6612,0.765
h6613,0.814
h6614,0.779
h6615,0.72
h6616,0.567
h6617,0.359
h6618,0.159
h6619,0
h6620,0
h6621,0
h6622,0
h6623,0
h6624,0
h6625,0
h6626,0
h6627,0
h6628,0
h6629,0
h6630,0
h6631,0
h6632,0.097
h6633,0.31
h6634,0.413
h6635,0.381
h6636,0.765
h6637,0.826
h6638,0.643
h6639,0.673
h6640,0.55
h6641,0.39
h6642,0.132
h6643,0
h6644,0
h6645,0
h6646,0
h6647,0
h6648,0
h6649,0
h6650,0
h6651,0
h6652,0
h6653,0
h6654,0
h6655,0
h6656,0.037
h6657,0.192
h6658,0.44
h6659,0.598
h6660,0.79
h6661,0.844
h6662,0.679
h6663,0.575
h6664,0.588
h6665,0.332
h6666,0.14
h6667,0
h6668,0
h6669,0
h6670,0
h6671,0
h6672,0
h6673,0
h6674,0
h6675,0
h6676,0
h6677,0
h6678,0
h6679,0
h6680,0.075
h6681,0.126
h6682,0.087
h6683,0.114
h6684,0.13
h6685,0.151
h6686,0.13
h6687,0.115
h6688,0.194
h6689,0.062
h6690,0.055
h6691,0
h6692,0
h6693,0
h6694,0
h6695,0
h6696,0
h6697,0
h6698,0
h6699,0
h6700,0
h6701,0
h6702,0
h6703,0
h6704,0.051
h6705,0.074
h6706,0.2
h6707,0.172
h6708,0.407
h6709,0.422
h6710,0.318
h6711,0.247
h6712,0.255
h6713,0.305
h6714,0.142
h6715,0
h6716,0
h6717,0
h6718,0
h6719,0
h6720,0
h6721,0
h6722,0
h6723,0
h6724,0
h6725,0
h6726,0
h6727,0
h6728,0.142
h6729,0.327
h6730,0.294
h6731,0.668
h6732,0.809
h6733,0.832
h6734,0.79
h6735,0.718
h6736,0.565
h6737,0.361
h6738,0.14
h6739,0
h6740,0
h6741,0
h6742,0
h6743,0
h6744,0
h6745,0
h6746,0
h6747,0
h6748,0
h6749,0
h6750,0
h6751,0
h6752,0.118
h6753,0.328
h6754,0.527
h6755,0.579
h6756,0.265
h6757,0.718
h6758,0.242
h6759,0.126
h6760,0.265
h6761,0.057
h6762,0.02
h6763,0
h6764,0
h6765,0
h6766,0
h6767,0
h6768,0
h6769,0
h6770,0
h6771,0
h6772,0
h6773,0
h6774,0
h6775,0
h6776,0.12
h6777,0.291
h6778,0.521
h6779,0.655
h6780,0.778
h6781,0.802
h6782,0.813
h6783,0.184
h6784,0.536
h6785,0.349
h6786,0.13
h6787,0
h6788,0
h6789,0
h6790,0
h6791,0
h6792,0
h6793,0
h6794,0
h6795,0
h6796,0
h6797,0
h6798,0
h6799,0
h6800,0.095
h6801,0.322
h6802,0.515
h6803,0.681
h6804,0.796
h6805,0.844
h6806,0.784
h6807,0.689
h6808,0.53
h6809,0.343
h6810,0.128
h6811,0
h6812,0
h6813,0
h6814,0
h6815,0
h6816,0
h6817,0
h6818,0
h6819,0
h6820,0
h6821,0
h6822,0
h6823,0
h6824,0.083
h6825,0.142
h6826,0.154
h6827,0.312
h6828,0.722
h6829,0.778
h6830,0.707
h6831,0.688
h6832,0.48
h6833,0.333
h6834,0.115
h6835,0
h6836,0
h6837,0
h6838,0
h6839,0
h6840,0
h6841,0
h6842,0
h6843,0
h6844,0
h6845,0
h6846,0
h6847,0
h6848,0.099
h6849,0.143
h6850,0.08
h6851,0.172
h6852,0.13
h6853,0.151
h6854,0.218
h6855,0.315
h6856,0.513
h6857,0.056
h6858,0.024
h6859,0
h6860,0
h6861,0
h6862,0
h6863,0
h6864,0
h6865,0
h6866,0
h6867,0
h6868,0
h6869,0
h6870,0
h6871,0
h6872,0.029
h6873,0.211
h6874,0.08
h6875,0.675
h6876,0.636
h6877,0.808
h6878,0.766
h6879,0.596
h6880,0.402
h6881,0.285
h6882,0.113
h6883,0
h6884,0
h6885,0
h6886,0
h6887,0
h6888,0
h6889,0
h6890,0
h6891,0
h6892,0
h6893,0
h6894,0
h6895,0
h6896,0.015
h6897,0.091
h6898,0.161
h6899,0.115
h6900,0.611
h6901,0.301
h6902,0.277
h6903,0.407
h6904,0.242
h6905,0.066
h6906,0.1
h6907,0
h6908,0
h6909,0
h6910,0
h6911,0
h6912,0
h6913,0
h6914,0
h6915,0
h6916,0
h6917,0
h6918,0
h6919,0
h6920,0.122
h6921,0.303
h6922,0.516
h6923,0.656
h6924,0.784
h6925,0.82
h6926,0.754
h6927,0.67
h6928,0.495
h6929,0.188
h6930,0.072
h6931,0
h6932,0
h6933,0
h6934,0
h6935,0
h6936,0
h6937,0
h6938,0
h6939,0
h6940,0
h6941,0
h6942,0
h6943,0
h6944,0.063
h6945,0.311
h6946,0.416
h6947,0.637
h6948,0.772
h6949,0.796
h6950,0.771
h6951,0.67
h6952,0.506
h6953,0.314
h6954,0.097
h6955,0
h6956,0
h6957,0
h6958,0
h6959,0
h6960,0
h6961,0
h6962,0
h6963,0
h6964,0
h6965,0
h6966,0
h6967,0
h6968,0.048
h6969,0.304
h6970,0.51
h6971,0.663
h6972,0.754
h6973,0.796
h6974,0.753
h6975,0.675
h6976,0.505
h6977,0.303
h6978,0.093
h6979,0
h6980,0
h6981,0
h6982,0
h6983,0
h6984,0
h6985,0
h6986,0
h6987,0
h6988,0
h6989,0
h6990,0
h6991,0
h6992,0.099
h6993,0.29
h6994,0.49
h6995,0.65
h6996,0.754
h6997,0.777
h6998,0.765
h6999,0.658
h7000,0.505
h7001,0.307
h7002,0.095
h7003,0
h7004,0
h7005,0
h7006,0
h7007,0
h7008,0
h7009,0
h7010,0
h7011,0
h7012,0
h7013,0
h7014,0
h7015,0
h7016,0.068
h7017,0.29
h7018,0.45
h7019,0.651
h7020,0.735
h7021,0.801
h7022,0.73
h7023,0.658
h7024,0.499
h7025,0.307
h7026,0.094
h7027,0
h7028,0
h7029,0
h7030,0
h7031,0
h7032,0
h7033,0
h7034,0
h7035,0
h7036,0
h7037,0
h7038,0
h7039,0
h7040,0.071
h7041,0.299
h7042,0.491
h7043,0.651
h7044,0.741
h7045,0.795
h7046,0.753
h7047,0.657
h7048,0.498
h7049,0.301
h7050,0.089
h7051,0
h7052,0
h7053,0
h7054,0
h7055,0
h7056,0
h7057,0
h7058,0
h7059,0
h7060,0
h7061,0
h7062,0
h7063,0
h7064,0.11
h7065,0.3
h7066,0.492
h7067,0.632
h7068,0.711
h7069,0.777
h7070,0.735
h7071,0.646
h7072,0.487
h7073,0.285
h7074,0.084
h7075,0
h7076,0
h7077,0
h7078,0
h7079,0
h7080,0
h7081,0
h7082,0
h7083,0
h7084,0
h7085,0
h7086,0
h7087,0
h7088,0.076
h7089,0.293
h7090,0.445
h7091,0.46
h7092,0.315
h7093,0.289
h7094,0.118
h7095,0.183
h7096,0.109
h7097,0.06
h7098,0.024
h7099,0
h7100,0
h7101,0
h7102,0
h7103,0
h7104,0
h7105,0
h7106,0
h7107,0
h7108,0
h7109,0
h7110,0
h7111,0
h7112,0
h7113,0.108
h7114,0.317
h7115,0.466
h7116,0.698
h7117,0.53
h7118,0.735
h7119,0.64
h7120,0.486
h7121,0.279
h7122,0.078
h7123,0
h7124,0
h7125,0
h7126,0
h7127,0
h7128,0
h7129,0
h7130,0
h7131,0
h7132,0
h7133,0
h7134,0
h7135,0
h7136,0
h7137,0.256
h7138,0.452
h7139,0.639
h7140,0.698
h7141,0.747
h7142,0.705
h7143,0.611
h7144,0.464
h7145,0.283
h7146,0.07
h7147,0
h7148,0
h7149,0
h7150,0
h7151,0
h7152,0
h7153,0
h7154,0
h7155,0
h7156,0
h7157,0
h7158,0
h7159,0
h7160,0
h7161,0.28
h7162,0.466
h7163,0.633
h7164,0.723
h7165,0.771
h7166,0.705
h7167,0.628
h7168,0.469
h7169,0.282
h7170,0.069
h7171,0
h7172,0
h7173,0
h7174,0
h7175,0
h7176,0
h7177,0
h7178,0
h7179,0
h7180,0
h7181,0
h7182,0
h7183,0
h7184,0
h7185,0.148
h7186,0.101
h7187,0.109
h7188,0.111
h7189,0.121
h7190,0.153
h7191,0.165
h7192,0.093
h7193,0.168
h7194,0.049
h7195,0
h7196,0
h7197,0
h7198,0
h7199,0
h7200,0
h7201,0
h7202,0
h7203,0
h7204,0
h7205,0
h7206,0
h7207,0
h7208,0
h7209,0.086
h7210,0.135
h7211,0.185
h7212,0.198
h7213,0.247
h7214,0.118
h7215,0.143
h7216,0.093
h7217,0.099
h7218,0.013
h7219,0
h7220,0
h7221,0
h7222,0
h7223,0
h7224,0
h7225,0
h7226,0
h7227,0
h7228,0
h7229,0
h7230,0
h7231,0
h7232,0
h7233,0.039
h7234,0.122
h7235,0.186
h7236,0.272
h7237,0.657
h7238,0.681
h7239,0.587
h7240,0.424
h7241,0.246
h7242,0.047
h7243,0
h7244,0
h7245,0
h7246,0
h7247,0
h7248,0
h7249,0
h7250,0
h7251,0
h7252,0
h7253,0
h7254,0
h7255,0
h7256,0
h7257,0.095
h7258,0.21
h7259,0.365
h7260,0.699
h7261,0.741
h7262,0.699
h7263,0.604
h7264,0.457
h7265,0.265
h7266,0.058
h7267,0
h7268,0
h7269,0
h7270,0
h7271,0
h7272,0
h7273,0
h7274,0
h7275,0
h7276,0
h7277,0
h7278,0
h7279,0
h7280,0
h7281,0.095
h7282,0.421
h7283,0.57
h7284,0.68
h7285,0.723
h7286,0.705
h7287,0.604
h7288,0.451
h7289,0.255
h7290,0.057
h7291,0
h7292,0
h7293,0
h7294,0
h7295,0
h7296,0
h7297,0
h7298,0
h7299,0
h7300,0
h7301,0
h7302,0
h7303,0
h7304,0
h7305,0.27
h7306,0.455
h7307,0.608
h7308,0.711
h7309,0.747
h7310,0.711
h7311,0.615
h7312,0.461
h7313,0.259
h7314,0.056
h7315,0
h7316,0
h7317,0
h7318,0
h7319,0
h7320,0
h7321,0
h7322,0
h7323,0
h7324,0
h7325,0
h7326,0
h7327,0
h7328,0
h7329,0.223
h7330,0.422
h7331,0.609
h7332,0.699
h7333,0.693
h7334,0.687
h7335,0.581
h7336,0.467
h7337,0.239
h7338,0.058
h7339,0
h7340,0
h7341,0
h7342,0
h7343,0
h7344,0
h7345,0
h7346,0
h7347,0
h7348,0
h7349,0
h7350,0
h7351,0
h7352,0
h7353,0.264
h7354,0.443
h7355,0.564
h7356,0.693
h7357,0.705
h7358,0.705
h7359,0.598
h7360,0.45
h7361,0.194
h7362,0.043
h7363,0
h7364,0
h7365,0
h7366,0
h7367,0
h7368,0
h7369,0
h7370,0
h7371,0
h7372,0
h7373,0
h7374,0
h7375,0
h7376,0
h7377,0.257
h7378,0.443
h7379,0.59
h7380,0.706
h7381,0.723
h7382,0.693
h7383,0.603
h7384,0.444
h7385,0.247
h7386,0.047
h7387,0
h7388,0
h7389,0
h7390,0
h7391,0
h7392,0
h7393,0
h7394,0
h7395,0
h7396,0
h7397,0
h7398,0
h7399,0
h7400,0
h7401,0.25
h7402,0.444
h7403,0.603
h7404,0.7
h7405,0.741
h7406,0.704
h7407,0.597
h7408,0.433
h7409,0.247
h7410,0.041
h7411,0
h7412,0
h7413,0
h7414,0
h7415,0
h7416,0
h7417,0
h7418,0
h7419,0
h7420,0
h7421,0
h7422,0
h7423,0
h7424,0
h7425,0.251
h7426,0.417
h7427,0.558
h7428,0.681
h7429,0.723
h7430,0.681
h7431,0.603
h7432,0.438
h7433,0.241
h7434,0.046
h7435,0
h7436,0
h7437,0
h7438,0
h7439,0
h7440,0
h7441,0
h7442,0
h7443,0
h7444,0
h7445,0
h7446,0
h7447,0
h7448,0
h7449,0.252
h7450,0.417
h7451,0.591
h7452,0.681
h7453,0.705
h7454,0.669
h7455,0.597
h7456,0.438
h7457,0.231
h7458,0.039
h7459,0
h7460,0
h7461,0
h7462,0
h7463,0
h7464,0
h7465,0
h7466,0
h7467,0
h7468,0
h7469,0
h7470,0
h7471,0
h7472,0
h7473,0.237
h7474,0.431
h7475,0.591
h7476,0.688
h7477,0.723
h7478,0.698
h7479,0.597
h7480,0.427
h7481,0.235
h7482,0.041
h7483,0
h7484,0
h7485,0
h7486,0
h7487,0
h7488,0
h7489,0
h7490,0
h7491,0
h7492,0
h7493,0
h7494,0
h7495,0
h7496,0
h7497,0.238
h7498,0.425
h7499,0.566
h7500,0.682
h7501,0.711
h7502,0.687
h7503,0.574
h7504,0.421
h7505,0.23
h7506,0.033
h7507,0
h7508,0
h7509,0
h7510,0
h7511,0
h7512,0
h7513,0
h7514,0
h7515,0
h7516,0
h7517,0
h7518,0
h7519,0
h7520,0
h7521,0.223
h7522,0.412
h7523,0.566
h7524,0.669
h7525,0.717
h7526,0.669
h7527,0.585
h7528,0.426
h7529,0.234
h7530,0.037
h7531,0
h7532,0
h7533,0
h7534,0
h7535,0
h7536,0
h7537,0
h7538,0
h7539,0
h7540,0
h7541,0
h7542,0
h7543,0
h7544,0
h7545,0.091
h7546,0.378
h7547,0.553
h7548,0.638
h7549,0.699
h7550,0.669
h7551,0.574
h7552,0.421
h7553,0.234
h7554,0.031
h7555,0
h7556,0
h7557,0
h7558,0
h7559,0
h7560,0
h7561,0
h7562,0
h7563,0
h7564,0
h7565,0
h7566,0
h7567,0
h7568,0.015
h7569,0.217
h7570,0.406
h7571,0.528
h7572,0.62
h7573,0.669
h7574,0.651
h7575,0.545
h7576,0.415
h7577,0.224
h7578,0.033
h7579,0
h7580,0
h7581,0
h7582,0
h7583,0
h7584,0
h7585,0
h7586,0
h7587,0
h7588,0
h7589,0
h7590,0
h7591,0
h7592,0.013
h7593,0.21
h7594,0.379
h7595,0.554
h7596,0.633
h7597,0.645
h7598,0.651
h7599,0.511
h7600,0.382
h7601,0.214
h7602,0.016
h7603,0
h7604,0
h7605,0
h7606,0
h7607,0
h7608,0
h7609,0
h7610,0
h7611,0
h7612,0
h7613,0
h7614,0
h7615,0
h7616,0.012
h7617,0.211
h7618,0.407
h7619,0.554
h7620,0.627
h7621,0.681
h7622,0.645
h7623,0.568
h7624,0.414
h7625,0.218
h7626,0.029
h7627,0
h7628,0
h7629,0
h7630,0
h7631,0
h7632,0
h7633,0
h7634,0
h7635,0
h7636,0
h7637,0
h7638,0
h7639,0
h7640,0.012
h7641,0.221
h7642,0.387
h7643,0.561
h7644,0.658
h7645,0.681
h7646,0.651
h7647,0.567
h7648,0.409
h7649,0.208
h7650,0.029
h7651,0
h7652,0
h7653,0
h7654,0
h7655,0
h7656,0
h7657,0
h7658,0
h7659,0
h7660,0
h7661,0
h7662,0
h7663,0
h7664,0.01
h7665,0.222
h7666,0.387
h7667,0.529
h7668,0.614
h7669,0.657
h7670,0.645
h7671,0.556
h7672,0.409
h7673,0.218
h7674,0.026
h7675,0
h7676,0
h7677,0
h7678,0
h7679,0
h7680,0
h7681,0
h7682,0
h7683,0
h7684,0
h7685,0
h7686,0
h7687,0
h7688,0.009
h7689,0.223
h7690,0.395
h7691,0.516
h7692,0.615
h7693,0.645
h7694,0.645
h7695,0.55
h7696,0.392
h7697,0.203
h7698,0.026
h7699,0
h7700,0
h7701,0
h7702,0
h7703,0
h7704,0
h7705,0
h7706,0
h7707,0
h7708,0
h7709,0
h7710,0
h7711,0
h7712,0.003
h7713,0.087
h7714,0.118
h7715,0.136
h7716,0.199
h7717,0.458
h7718,0.158
h7719,0.227
h7720,0.14
h7721,0.104
h7722,0.015
h7723,0
h7724,0
h7725,0
h7726,0
h7727,0
h7728,0
h7729,0
h7730,0
h7731,0
h7732,0
h7733,0
h7734,0
h7735,0
h7736,0.007
h7737,0.218
h7738,0.396
h7739,0.543
h7740,0.609
h7741,0.658
h7742,0.651
h7743,0.539
h7744,0.392
h7745,0.118
h7746,0.025
h7747,0
h7748,0
h7749,0
h7750,0
h7751,0
h7752,0
h7753,0
h7754,0
h7755,0
h7756,0
h7757,0
h7758,0
h7759,0
h7760,0.006
h7761,0.21
h7762,0.39
h7763,0.524
h7764,0.621
h7765,0.664
h7766,0.639
h7767,0.539
h7768,0.392
h7769,0.207
h7770,0.026
h7771,0
h7772,0
h7773,0
h7774,0
h7775,0
h7776,0
h7777,0
h7778,0
h7779,0
h7780,0
h7781,0
h7782,0
h7783,0
h7784,0.004
h7785,0.177
h7786,0.342
h7787,0.498
h7788,0.622
h7789,0.67
h7790,0.645
h7791,0.544
h7792,0.397
h7793,0.206
h7794,0.022
h7795,0
h7796,0
h7797,0
h7798,0
h7799,0
h7800,0
h7801,0
h7802,0
h7803,0
h7804,0
h7805,0
h7806,0
h7807,0
h7808,0.004
h7809,0.205
h7810,0.384
h7811,0.524
h7812,0.584
h7813,0.64
h7814,0.628
h7815,0.533
h7816,0.392
h7817,0.211
h7818,0.023
h7819,0
h7820,0
h7821,0
h7822,0
h7823,0
h7824,0
h7825,0
h7826,0
h7827,0
h7828,0
h7829,0
h7830,0
h7831,0
h7832,0.003
h7833,0.188
h7834,0.371
h7835,0.512
h7836,0.616
h7837,0.658
h7838,0.622
h7839,0.527
h7840,0.365
h7841,0.183
h7842,0.012
h7843,0
h7844,0
h7845,0
h7846,0
h7847,0
h7848,0
h7849,0
h7850,0
h7851,0
h7852,0
h7853,0
h7854,0
h7855,0
h7856,0.003
h7857,0.199
h7858,0.252
h7859,0.525
h7860,0.603
h7861,0.658
h7862,0.628
h7863,0.539
h7864,0.391
h7865,0.206
h7866,0.021
h7867,0
h7868,0
h7869,0
h7870,0
h7871,0
h7872,0
h7873,0
h7874,0
h7875,0
h7876,0
h7877,0
h7878,0
h7879,0
h7880,0.002
h7881,0.146
h7882,0.119
h7883,0.201
h7884,0.131
h7885,0.133
h7886,0.434
h7887,0.147
h7888,0.08
h7889,0.117
h7890,0.011
h7891,0
h7892,0
h7893,0
h7894,0
h7895,0
h7896,0
h7897,0
h7898,0
h7899,0
h7900,0
h7901,0
h7902,0
h7903,0
h7904,0.001
h7905,0.174
h7906,0.358
h7907,0.487
h7908,0.591
h7909,0.634
h7910,0.599
h7911,0.51
h7912,0.386
h7913,0.201
h7914,0.02
h7915,0
h7916,0
h7917,0
h7918,0
h7919,0
h7920,0
h7921,0
h7922,0
h7923,0
h7924,0
h7925,0
h7926,0
h7927,0
h7928,0.001
h7929,0.166
h7930,0.289
h7931,0.474
h7932,0.585
h7933,0.622
h7934,0.558
h7935,0.459
h7936,0.295
h7937,0.117
h7938,0.018
h7939,0
h7940,0
h7941,0
h7942,0
h7943,0
h7944,0
h7945,0
h7946,0
h7947,0
h7948,0
h7949,0
h7950,0
h7951,0
h7952,0
h7953,0.168
h7954,0.324
h7955,0.494
h7956,0.554
h7957,0.646
h7958,0.605
h7959,0.516
h7960,0.386
h7961,0.196
h7962,0.018
h7963,0
h7964,0
h7965,0
h7966,0
h7967,0
h7968,0
h7969,0
h7970,0
h7971,0
h7972,0
h7973,0
h7974,0
h7975,0
h7976,0
h7977,0.169
h7978,0.325
h7979,0.494
h7980,0.579
h7981,0.628
h7982,0.616
h7983,0.516
h7984,0.375
h7985,0.2
h7986,0.02
h7987,0
h7988,0
h7989,0
h7990,0
h7991,0
h7992,0
h7993,0
h7994,0
h7995,0
h7996,0
h7997,0
h7998,0
h7999,0
h8000,0
h8001,0.171
h8002,0.354
h8003,0.495
h8004,0.586
h8005,0.635
h8006,0.581
h8007,0.516
h8008,0.375
h8009,0.196
h8010,0.018
h8011,0
h8012,0
h8013,0
h8014,0
h8015,0
h8016,0
h8017,0
h8018,0
h8019,0
h8020,0
h8021,0
h8022,0
h8023,0
h8024,0
h8025,0.163
h8026,0.347
h8027,0.495
h8028,0.605
h8029,0.629
h8030,0.605
h8031,0.516
h8032,0.364
h8033,0.196
h8034,0.016
h8035,0
h8036,0
h8037,0
h8038,0
h8039,0
h8040,0
h8041,0
h8042,0
h8043,0
h8044,0
h8045,0
h8046,0
h8047,0
h8048,0
h8049,0.164
h8050,0.362
h8051,0.515
h8052,0.574
h8053,0.647
h8054,0.622
h8055,0.527
h8056,0.38
h8057,0.2
h8058,0.018
h8059,0
h8060,0
h8061,0
h8062,0
h8063,0
h8064,0
h8065,0
h8066,0
h8067,0
h8068,0
h8069,0
h8070,0
h8071,0
h8072,0
h8073,0.156
h8074,0.313
h8075,0.482
h8076,0.611
h8077,0.647
h8078,0.617
h8079,0.522
h8080,0.375
h8081,0.168
h8082,0.018
h8083,0
h8084,0
h8085,0
h8086,0
h8087,0
h8088,0
h8089,0
h8090,0
h8091,0
h8092,0
h8093,0
h8094,0
h8095,0
h8096,0
h8097,0.158
h8098,0.249
h8099,0.47
h8100,0.543
h8101,0.484
h8102,0.464
h8103,0.374
h8104,0.305
h8105,0.121
h8106,0.014
h8107,0
h8108,0
h8109,0
h8110,0
h8111,0
h8112,0
h8113,0
h8114,0
h8115,0
h8116,0
h8117,0
h8118,0
h8119,0
h8120,0
h8121,0.149
h8122,0.35
h8123,0.483
h8124,0.587
h8125,0.629
h8126,0.611
h8127,0.522
h8128,0.37
h8129,0.191
h8130,0.018
h8131,0
h8132,0
h8133,0
h8134,0
h8135,0
h8136,0
h8137,0
h8138,0
h8139,0
h8140,0
h8141,0
h8142,0
h8143,0
h8144,0
h8145,0.161
h8146,0.35
h8147,0.464
h8148,0.575
h8149,0.635
h8150,0.605
h8151,0.499
h8152,0.375
h8153,0.196
h8154,0.02
h8155,0
h8156,0
h8157,0
h8158,0
h8159,0
h8160,0
h8161,0
h8162,0
h8163,0
h8164,0
h8165,0
h8166,0
h8167,0
h8168,0
h8169,0.163
h8170,0.337
h8171,0.458
h8172,0.581
h8173,0.623
h8174,0.594
h8175,0.522
h8176,0.364
h8177,0.191
h8178,0.018
h8179,0
h8180,0
h8181,0
h8182,0
h8183,0
h8184,0
h8185,0
h8186,0
h8187,0
h8188,0
h8189,0
h8190,0
h8191,0
h8192,0
h8193,0.144
h8194,0.337
h8195,0.484
h8196,0.575
h8197,0.611
h8198,0.594
h8199,0.516
h8200,0.37
h8201,0.201
h8202,0.017
h8203,0
h8204,0
h8205,0
h8206,0
h8207,0
h8208,0
h8209,0
h8210,0
h8211,0
h8212,0
h8213,0
h8214,0
h8215,0
h8216,0
h8217,0.135
h8218,0.338
h8219,0.484
h8220,0.569
h8221,0.63
h8222,0.594
h8223,0.528
h8224,0.332
h8225,0.163
h8226,0.02
h8227,0
h8228,0
h8229,0
h8230,0
h8231,0
h8232,0
h8233,0
h8234,0
h8235,0
h8236,0
h8237,0
h8238,0
h8239,0
h8240,0
h8241,0.147
h8242,0.331
h8243,0.478
h8244,0.582
h8245,0.63
h8246,0.6
h8247,0.505
h8248,0.375
h8249,0.201
h8250,0.021
h8251,0
h8252,0
h8253,0
h8254,0
h8255,0
h8256,0
h8257,0
h8258,0
h8259,0
h8260,0
h8261,0
h8262,0
h8263,0
h8264,0
h8265,0.074
h8266,0.123
h8267,0.236
h8268,0.4
h8269,0.327
h8270,0.259
h8271,0.267
h8272,0.129
h8273,0.108
h8274,0.011
h8275,0
h8276,0
h8277,0
h8278,0
h8279,0
h8280,0
h8281,0
h8282,0
h8283,0
h8284,0
h8285,0
h8286,0
h8287,0
h8288,0
h8289,0.15
h8290,0.26
h8291,0.453
h8292,0.563
h8293,0.57
h8294,0.512
h8295,0.477
h8296,0.333
h8297,0.173
h8298,0.015
h8299,0
h8300,0
h8301,0
h8302,0
h8303,0
h8304,0
h8305,0
h8306,0
h8307,0
h8308,0
h8309,0
h8310,0
h8311,0
h8312,0
h8313,0.108
h8314,0.203
h8315,0.131
h8316,0.182
h8317,0.249
h8318,0.559
h8319,0.477
h8320,0.371
h8321,0.192
h8322,0.014
h8323,0
h8324,0
h8325,0
h8326,0
h8327,0
h8328,0
h8329,0
h8330,0
h8331,0
h8332,0
h8333,0
h8334,0
h8335,0
h8336,0
h8337,0.022
h8338,0.058
h8339,0.374
h8340,0.313
h8341,0.546
h8342,0.612
h8343,0.511
h8344,0.381
h8345,0.197
h8346,0.022
h8347,0
h8348,0
h8349,0
h8350,0
h8351,0
h8352,0
h8353,0
h8354,0
h8355,0
h8356,0
h8357,0
h8358,0
h8359,0
h8360,0
h8361,0.133
h8362,0.305
h8363,0.44
h8364,0.57
h8365,0.613
h8366,0.583
h8367,0.449
h8368,0.328
h8369,0.202
h8370,0.018
h8371,0
h8372,0
h8373,0
h8374,0
h8375,0
h8376,0
h8377,0
h8378,0
h8379,0
h8380,0
h8381,0
h8382,0
h8383,0
h8384,0
h8385,0.034
h8386,0.058
h8387,0.158
h8388,0.169
h8389,0.152
h8390,0.177
h8391,0.489
h8392,0.36
h8393,0.169
h8394,0.023
h8395,0
h8396,0
h8397,0
h8398,0
h8399,0
h8400,0
h8401,0
h8402,0
h8403,0
h8404,0
h8405,0
h8406,0
h8407,0
h8408,0
h8409,0.057
h8410,0.291
h8411,0.467
h8412,0.558
h8413,0.631
h8414,0.595
h8415,0.523
h8416,0.377
h8417,0.198
h8418,0.025
h8419,0
h8420,0
h8421,0
h8422,0
h8423,0
h8424,0
h8425,0
h8426,0
h8427,0
h8428,0
h8429,0
h8430,0
h8431,0
h8432,0
h8433,0.092
h8434,0.204
h8435,0.158
h8436,0.257
h8437,0.218
h8438,0.253
h8439,0.444
h8440,0.334
h8441,0.109
h8442,0.017
h8443,0
h8444,0
h8445,0
h8446,0
h8447,0
h8448,0
h8449,0
h8450,0
h8451,0
h8452,0
h8453,0
h8454,0
h8455,0
h8456,0
h8457,0.023
h8458,0.058
h8459,0.072
h8460,0.088
h8461,0.103
h8462,0.124
h8463,0.142
h8464,0.178
h8465,0.104
h8466,0.009
h8467,0
h8468,0
h8469,0
h8470,0
h8471,0
h8472,0
h8473,0
h8474,0
h8475,0
h8476,0
h8477,0
h8478,0
h8479,0
h8480,0
h8481,0.059
h8482,0.088
h8483,0.092
h8484,0.126
h8485,0.134
h8486,0.13
h8487,0.256
h8488,0.108
h8489,0.099
h8490,0.026
h8491,0
h8492,0
h8493,0
h8494,0
h8495,0
h8496,0
h8497,0
h8498,0
h8499,0
h8500,0
h8501,0
h8502,0
h8503,0
h8504,0
h8505,0.083
h8506,0.301
h8507,0.455
h8508,0.546
h8509,0.595
h8510,0.595
h8511,0.53
h8512,0.383
h8513,0.214
h8514,0.029
h8515,0
h8516,0
h8517,0
h8518,0
h8519,0
h8520,0
h8521,0
h8522,0
h8523,0
h8524,0
h8525,0
h8526,0
h8527,0
h8528,0
h8529,0.072
h8530,0.301
h8531,0.442
h8532,0.578
h8533,0.595
h8534,0.602
h8535,0.518
h8536,0.394
h8537,0.185
h8538,0.03
h8539,0
h8540,0
h8541,0
h8542,0
h8543,0
h8544,0
h8545,0
h8546,0
h8547,0
h8548,0
h8549,0
h8550,0
h8551,0
h8552,0
h8553,0.121
h8554,0.272
h8555,0.469
h8556,0.346
h8557,0.377
h8558,0.366
h8559,0.519
h8560,0.389
h8561,0.214
h8562,0.03
h8563,0
h8564,0
h8565,0
h8566,0
h8567,0
h8568,0
h8569,0
h8570,0
h8571,0
h8572,0
h8573,0
h8574,0
h8575,0
h8576,0
h8577,0.098
h8578,0.317
h8579,0.469
h8580,0.547
h8581,0.602
h8582,0.614
h8583,0.507
h8584,0.389
h8585,0.21
h8586,0.031
h8587,0
h8588,0
h8589,0
h8590,0
h8591,0
h8592,0
h8593,0
h8594,0
h8595,0
h8596,0
h8597,0
h8598,0
h8599,0
h8600,0
h8601,0.111
h8602,0.288
h8603,0.456
h8604,0.572
h8605,0.602
h8606,0.608
h8607,0.525
h8608,0.384
h8609,0.22
h8610,0.034
h8611,0
h8612,0
h8613,0
h8614,0
h8615,0
h8616,0
h8617,0
h8618,0
h8619,0
h8620,0
h8621,0
h8622,0
h8623,0
h8624,0
h8625,0.087
h8626,0.273
h8627,0.436
h8628,0.541
h8629,0.62
h8630,0.579
h8631,0.519
h8632,0.362
h8633,0.216
h8634,0.035
h8635,0
h8636,0
h8637,0
h8638,0
h8639,0
h8640,0
h8641,0
h8642,0
h8643,0
h8644,0
h8645,0
h8646,0
h8647,0
h8648,0
h8649,0.113
h8650,0.081
h8651,0.198
h8652,0.321
h8653,0.602
h8654,0.585
h8655,0.514
h8656,0.39
h8657,0.216
h8658,0.036
h8659,0
h8660,0
h8661,0
h8662,0
h8663,0
h8664,0
h8665,0
h8666,0
h8667,0
h8668,0
h8669,0
h8670,0
h8671,0
h8672,0
h8673,0.089
h8674,0.244
h8675,0.424
h8676,0.554
h8677,0.554
h8678,0.555
h8679,0.497
h8680,0.325
h8681,0.217
h8682,0.036
h8683,0
h8684,0
h8685,0
h8686,0
h8687,0
h8688,0
h8689,0
h8690,0
h8691,0
h8692,0
h8693,0
h8694,0
h8695,0
h8696,0
h8697,0.102
h8698,0.267
h8699,0.424
h8700,0.491
h8701,0.536
h8702,0.555
h8703,0.348
h8704,0.401
h8705,0.222
h8706,0.04
h8707,0
h8708,0
h8709,0
h8710,0
h8711,0
h8712,0
h8713,0
h8714,0
h8715,0
h8716,0
h8717,0
h8718,0
h8719,0
h8720,0
h8721,0.116
h8722,0.259
h8723,0.45
h8724,0.567
h8725,0.59
h8726,0.603
h8727,0.526
h8728,0.396
h8729,0.222
h8730,0.04
h8731,0
h8732,0
h8733,0
h8734,0
h8735,0
h8736,0
h8737,0
h8738,0
h8739,0
h8740,0
h8741,0
h8742,0
h8743,0
h8744,0
h8745,0.117
h8746,0.297
h8747,0.444
h8748,0.535
h8749,0.554
h8750,0.615
h8751,0.503
h8752,0.407
h8753,0.233
h8754,0.044
h8755,0
h8756,0
h8757,0
h8758,0
h8759,0
h8760,0
